Candidate Name,Affiliation,Incumbent,Percentage of Vote,Winner,State,District,Money Raised,Money Spent
Jerry Carl,R,False,64.9,True,Alabama,01,1971321.0,1859349.0
James Averhart,D,False,35.0,False,Alabama,01,80095.0,78973.0
Barry Moore,R,False,65.3,True,Alabama,02,650807.0,669368.0
Phyllis Harvey-Hall,D,False,34.6,False,Alabama,02,56050.0,55988.0
Mike D Rogers,R,True,67.5,True,Alabama,03,1193111.0,1218564.0
Adia Winfrey,D,False,32.4,False,Alabama,03,50273.0,40971.0
Robert B Aderholt,R,True,82.5,True,Alabama,04,1255076.0,1323812.0
Mo Brooks,R,True,95.8,True,Alabama,05,655365.0,210045.0
Gary Palmer,R,True,97.1,True,Alabama,06,907219.0,909082.0
Terri Sewell,D,True,97.2,True,Alabama,07,2168165.0,1495957.0
Don Young,R,True,54.4,True,Alaska,01,1922901.0,1790448.0
Alyse Galvin,I,False,45.3,False,Alaska,01,5178452.0,5088103.0
Tom O'Halleran,D,True,51.6,True,Arizona,01,3381353.0,3324138.0
Tiffany Shedd,R,False,48.4,False,Arizona,01,1675618.0,1615704.0
Ann Kirkpatrick,D,True,55.1,True,Arizona,02,1849862.0,1384765.0
Brandon Martin,R,False,44.9,False,Arizona,02,374821.0,381067.0
Raul M Grijalva,D,True,64.6,True,Arizona,03,843560.0,655507.0
Daniel Wood,R,False,35.4,False,Arizona,03,41422.0,41962.0
Paul Gosar,R,True,69.8,True,Arizona,04,622151.0,729892.0
Delina DiSanto,D,False,30.2,False,Arizona,04,77168.0,79758.0
Andy Biggs,R,True,58.9,True,Arizona,05,1602181.0,1236380.0
Joan Greene,D,False,41.1,False,Arizona,05,356069.0,209789.0
David Schweikert,R,True,52.2,True,Arizona,06,2265329.0,2249979.0
Hiral Tipirneni,D,False,47.8,False,Arizona,06,6301073.0,6366702.0
Tom Lewellen,I,False,0,False,Arizona,06,11685.0,11000.0
Ruben Gallego,D,True,76.7,True,Arizona,07,1811754.0,1653961.0
Josh Barnett,R,False,23.3,False,Arizona,07,28093.0,17883.0
Debbie Lesko,R,True,59.6,True,Arizona,08,1605245.0,987453.0
Michael Muscato,D,False,40.4,False,Arizona,08,357906.0,347734.0
Greg Stanton,D,True,61.6,True,Arizona,09,2001619.0,1001350.0
Dave Giles,R,False,38.4,False,Arizona,09,130480.0,129935.0
Rick Crawford,R,True,100.0,True,Arkansas,01,966801.0,1095518.0
French Hill,R,True,55.4,True,Arkansas,02,3384490.0,3020491.0
Joyce Elliott,D,False,44.6,False,Arkansas,02,3482463.0,3478733.0
Steve Womack,R,True,64.3,True,Arkansas,03,1127158.0,923120.0
Celeste Williams,D,False,D,False,Arkansas,03,355294.0,355294.0
Bruce Westerman,R,True,69.7,True,Arkansas,04,1407770.0,1102573.0
William Hanson,D,False,27.5,False,Arkansas,04,109767.0,111683.0
Doug LaMalfa,R,True,56.9,True,California,01,1219556.0,1155945.0
Audrey Denney,D,False,43.1,False,California,01,2461769.0,2457661.0
Jared Huffman,D,True,75.7,True,California,02,899419.0,797753.0
Dale Mensing,R,False,24.3,False,California,02,5921.0,2197.0
John Garamendi,D,True,54.7,True,California,03,1054066.0,667320.0
Tamika Hamilton,R,False,45.3,False,California,03,397099.0,384584.0
Tom McClintock,R,True,55.9,True,California,04,2053363.0,2107248.0
Brynne Kennedy,D,False,44.1,False,California,04,3006020.0,3002532.0
Mike Thompson,D,True,76.8,True,California,05,2208136.0,2022751.0
Doris Matsui,D,True,73.4,True,California,06,1019605.0,1073529.0
Chris Bish,R,False,26.6,False,California,06,44772.0,44554.0
Ami Bera,D,True,56.6,True,California,07,1757748.0,1053444.0
Buzz Patterson,R,False,43.4,False,California,07,43876.0,29614.0
Jay Obernolte,R,False,56.1,True,California,08,1861647.0,1792064.0
Chris Bubser,D,False,43.9,False,California,08,1858001.0,1856613.0
Jerry McNerney,D,True,57.6,True,California,09,1177959.0,1112543.0
Tony Amador,R,False,42.4,False,California,09,52175.0,52175.0
Josh Harder,D,True,55.2,True,California,10,7400135.0,3950613.0
Ted Howze,R,False,44.8,False,California,10,1426552.0,1721882.0
Mark Desaulnier,D,True,73.0,True,California,11,610394.0,440537.0
Nisha Sharma,R,False,27.0,False,California,11,174954.0,171870.0
Nancy Pelosi,D,True,77.6,True,California,12,27359508.0,22064953.0
Shahid Buttar,D,False,22.4,False,California,12,1672876.0,1650467.0
Barbara Lee,D,True,90.4,True,California,13,1828213.0,1750142.0
Nikka Piterman,R,False,9.6,False,California,13,9839.0,9904.0
Jackie Speier,D,True,79.3,True,California,14,942934.0,919599.0
Eric Swalwell,D,True,70.9,True,California,15,2807774.0,3977839.0
Jim Costa,D,True,59.3,True,California,16,2135525.0,1835244.0
Kevin Cookingham,R,False,40.7,False,California,16,265364.0,265364.0
Ro Khanna,D,True,71.3,True,California,17,3837982.0,2455457.0
Ritesh Tandon,R,False,28.7,False,California,17,175536.0,175015.0
Anna Eshoo,D,True,63.2,True,California,18,2114909.0,2059158.0
Rishi Kumar,D,False,36.8,False,California,18,674383.0,691938.0
Zoe Lofgren,D,True,71.7,True,California,19,1755555.0,1731700.0
Justin Aguilera,R,False,28.3,False,California,19,9112.0,11542.0
Jimmy Panetta,D,True,76.8,True,California,20,2009894.0,1592671.0
Jeff Gorman,R,False,23.2,False,California,20,67634.0,64947.0
TJ Cox,D,True,49.6,False,California,21,5695157.0,5694005.0
David Valadao,R,False,50.4,True,California,21,4067880.0,3982587.0
Devin Nunes,R,True,54.2,True,California,22,26825212.0,20156093.0
Phil Arballo,D,False,45.8,False,California,22,5091451.0,5062185.0
Kevin McCarthy,R,True,62.1,True,California,23,27780644.0,24265583.0
Kim Mangone,D,False,37.9,False,California,23,1671101.0,1665373.0
Salud Carbajal,D,True,58.7,True,California,24,2117836.0,1451622.0
Andy Caldwell,R,False,41.3,False,California,24,1298798.0,1268199.0
Mike Garcia,R,True,50.0,True,California,25,9962507.0,9584648.0
Christy Smith,D,False,50.0,False,California,25,5977734.0,5808477.0
Julia Brownley,D,True,60.6,True,California,26,1976695.0,1314677.0
Ronda Kennedy,R,False,39.4,False,California,26,246226.0,67208.0
Judy Chu,D,True,69.8,True,California,27,1213706.0,956298.0
Johnny Nalbandian,R,False,30.2,False,California,27,39584.0,39159.0
Adam Schiff,D,True,72.7,True,California,28,19382855.0,10188664.0
Eric Early,R,False,27.3,False,California,28,4085322.0,3790027.0
Tony Cardenas,D,True,56.6,True,California,29,1419697.0,1213588.0
Angelica Duenas,3,False,43.4,False,California,29,78083.0,76627.0
Brad Sherman,D,True,69.5,True,California,30,1513374.0,1111826.0
Pete Aguilar,D,True,61.3,True,California,31,2475748.0,1861434.0
Agnes Gibboney,R,False,38.7,False,California,31,138687.0,127907.0
Grace Napolitano,D,True,66.6,True,California,32,478426.0,251047.0
Joshua Scott,R,False,33.4,False,California,32,23624.0,14248.0
Ted Lieu,D,True,67.6,True,California,33,1661436.0,1582573.0
James Bradley,R,False,32.4,False,California,33,78910.0,79035.0
Jimmy Gomez,D,True,53.0,True,California,34,1401166.0,1268312.0
David Kim,D,False,47.0,False,California,34,193430.0,80381.0
Norma Torres,D,True,69.3,True,California,35,654727.0,664600.0
Mike Cargile,R,False,30.7,False,California,35,36113.0,35915.0
Raul Ruiz,D,True,60.3,True,California,36,2402624.0,1732443.0
Erin Cruz,R,False,39.7,False,California,36,54217.0,53840.0
Karen Bass,D,True,85.9,True,California,37,2216467.0,1202942.0
Errol Webber,R,False,14.1,False,California,37,66398.0,174076.0
Linda Sanchez,D,True,74.3,True,California,38,1246008.0,1140165.0
Gil Cisneros,D,True,49.4,False,California,39,4370133.0,4350464.0
Young Kim,R,False,50.6,True,California,39,6424556.0,6021651.0
Lucille Roybal-Allard,D,True,72.7,True,California,40,739790.0,741379.0
Antonio Delgado,R,False,27.3,False,California,40,85014.0,79270.0
Mark Takano,D,True,64.0,True,California,41,1020456.0,949494.0
Aja Smith,R,False,36.0,False,California,41,660658.0,659909.0
Ken Calvert,R,True,57.1,True,California,42,1441812.0,1549113.0
Liam O'Mara,D,False,42.9,False,California,42,130065.0,128782.0
Maxine Waters,D,True,71.7,True,California,43,1836660.0,1906957.0
Joe Collins,R,False,28.3,False,California,43,10556626.0,9921103.0
Nanette Barragan,D,True,67.8,True,California,44,1173909.0,714023.0
Katie Porter,D,True,53.5,True,California,45,16627706.0,6443700.0
Greg Raths,R,False,46.5,False,California,45,1245767.0,1241713.0
Lou Correa,D,True,68.8,True,California,46,1192715.0,650707.0
Alan Lowenthal,D,True,63.3,True,California,47,678648.0,854902.0
John Briscoe,R,False,36.7,False,California,47,25302.0,21538.0
Harley Rouda,D,True,48.9,False,California,48,5968858.0,6174443.0
Michelle Steel,R,False,51.1,True,California,48,6305665.0,6148591.0
Mike Levin,D,True,53.1,True,California,49,3845768.0,2901566.0
Brian Maryott,R,False,46.9,False,California,49,2810253.0,2808217.0
Darrell Issa,R,False,54.0,True,California,50,11239670.0,10947106.0
Ammar Campa-Najjar,D,False,46.0,False,California,50,6248210.0,6247762.0
Juan Vargas,D,True,68.3,True,California,51,799734.0,801671.0
Juan Hidalgo,R,False,31.7,False,California,51,83730.0,81182.0
Scott Peters,D,True,61.6,True,California,52,1911791.0,2131849.0
James Debello,R,False,38.4,False,California,52,233464.0,224630.0
Sara Jacobs,D,False,59.5,True,California,53,7678363.0,7586186.0
Georgette Gomez,D,False,40.5,False,California,53,1691794.0,1663252.0
Diana DeGette,D,True,73.7,True,Colorado,01,1201026.0,1077130.0
Joseph Neguse,D,True,61.5,True,Colorado,02,1353325.0,674602.0
Charles Winn,R,False,35.4,False,Colorado,02,98338.0,98338.0
Alex Johnson,I,False,0,False,Colorado,02,4782.0,4093.0
Diane Mitsch Bush,D,False,45.2,False,Colorado,03,5008274.0,4984238.0
Lauren Boebert,R,False,51.4,True,Colorado,03,2989510.0,2632716.0
Chris Milton,3,False,1.0,False,Colorado,03,12012.0,12012.0
Ken Buck,R,True,60.1,True,Colorado,04,478984.0,539393.0
Ike McCorkle,D,False,36.1,False,Colorado,04,369871.0,217398.0
Doug Lamborn,R,True,57.6,True,Colorado,05,540712.0,329011.0
Jillian Freeland,D,False,37.4,False,Colorado,05,185255.0,175548.0
Rebecca Keltie,3,False,0.8,False,Colorado,05,2552.0,1495.0
Jason Crow,D,True,57.1,True,Colorado,06,4136137.0,2892443.0
Steven House,R,False,40.0,False,Colorado,06,1200056.0,1198044.0
Jaimie Kulikowski,3,False,0.9,False,Colorado,06,72293.0,110645.0
Ed Perlmutter,D,True,59.1,True,Colorado,07,1632262.0,1339482.0
Casper Stockham,R,False,37.6,False,Colorado,07,147872.0,147872.0
Anthony Malgieri,I,False,0,False,Colorado,07,1930.0,1958.0
John Larson,D,True,63.7,True,Connecticut,01,1377238.0,1323690.0
Mary Fay,R,False,35.0,False,Connecticut,01,26836.0,25118.0
Joe Courtney,D,True,59.4,True,Connecticut,02,964731.0,999360.0
Justin Anderson,R,False,38.2,False,Connecticut,02,80227.0,78767.0
Rosa DeLauro,D,True,58.7,True,Connecticut,03,1938999.0,1795635.0
Margaret Streicker,R,False,39.8,False,Connecticut,03,1839080.0,1835385.0
Justin Paglino,3,False,1.5,False,Connecticut,03,29200.0,28670.0
Jim Himes,D,True,62.3,True,Connecticut,04,1612935.0,2180029.0
Jonathan Riddle,R,False,36.2,False,Connecticut,04,31591.0,17385.0
Jahana Hayes,D,True,55.1,True,Connecticut,05,2037826.0,1564685.0
David Sullivan,R,False,43.5,False,Connecticut,05,397395.0,397370.0
Lisa Blunt Rochester,D,True,57.6,True,Delaware,01,2024201.0,1305618.0
Lee Murphy,R,False,40.2,False,Delaware,01,131394.0,131862.0
Catherine Purcell,I,False,1.4,False,Delaware,01,5344.0,5103.0
Matt Gaetz,R,True,64.6,True,Florida,01,5946646.0,4482782.0
Phil Ehr,D,False,34.0,False,Florida,01,2025099.0,1900451.0
Bert Oram,I,False,1.4,False,Florida,01,8108.0,7070.0
Neal Dunn,R,True,98.0,True,Florida,02,653488.0,637580.0
Kristy Thripp,I,False,0,False,Florida,02,145.0,145.0
Kat Cammack,R,False,57.1,True,Florida,03,1122188.0,1090334.0
Adam Christensen,D,False,42.9,False,Florida,03,216021.0,219108.0
John Rutherford,R,True,61.1,True,Florida,04,1024912.0,1283701.0
Donna Deegan,D,False,38.9,False,Florida,04,1013157.0,1013157.0
Al Lawson,D,True,65.1,True,Florida,05,848498.0,695779.0
Gary Adler,R,False,34.9,False,Florida,05,146909.0,146909.0
Michael Waltz,R,True,60.6,True,Florida,06,2549667.0,1716768.0
Clint Curtis,D,False,39.4,False,Florida,06,24310.0,22251.0
Gerry Nolan,I,False,0,False,Florida,06,4467.0,5256.0
Stephanie Murphy,D,True,55.3,True,Florida,07,3124692.0,1798549.0
Leo Valentin,R,False,43.2,False,Florida,07,1045426.0,1031316.0
Bill Garlington,I,False,1.4,False,Florida,07,11000.0,0.0
Bill Posey,R,True,61.4,True,Florida,08,985268.0,1121834.0
James Kennedy,D,False,38.6,False,Florida,08,138568.0,138790.0
Darren Soto,D,True,56.0,True,Florida,09,1111750.0,945868.0
William Olson,R,False,44.0,False,Florida,09,404406.0,401088.0
Val Demings,D,True,63.6,True,Florida,10,1876047.0,1191020.0
Vennia Francois,R,False,36.4,False,Florida,10,335480.0,332852.0
Kristofer Steven Lawson,I,False,0,False,Florida,10,47.0,47.0
Daniel Webster,R,True,66.7,True,Florida,11,691261.0,586965.0
Dana Cottrell,D,False,33.3,False,Florida,11,62658.0,62380.0
Gus Bilirakis,R,True,62.9,True,Florida,12,1604137.0,1548634.0
Kim Walker,D,False,37.1,False,Florida,12,42802.0,33544.0
Charlie Crist,D,True,53.0,True,Florida,13,2720646.0,3980695.0
Anna Paulina Luna,R,False,47.0,False,Florida,13,3302944.0,3262236.0
Kathy Castor,D,True,60.3,True,Florida,14,884651.0,1201653.0
Christine Quinn,R,False,39.7,False,Florida,14,242144.0,241187.0
Alan Cohn,D,False,44.6,False,Florida,15,2333053.0,2300197.0
Scott Franklin,R,False,55.4,True,Florida,15,1663898.0,1638417.0
Vernon Buchanan,R,True,55.5,True,Florida,16,3094611.0,3100766.0
Margaret Good,D,False,44.5,False,Florida,16,3411924.0,3407845.0
Greg Steube,R,True,64.6,True,Florida,17,759908.0,621200.0
Allen Ellison,D,False,34.1,False,Florida,17,83481.0,78243.0
Brian Mast,R,True,56.4,True,Florida,18,6128177.0,5301307.0
Pam Keith,D,False,41.5,False,Florida,18,1639873.0,1632736.0
Byron Donalds,R,False,61.3,True,Florida,19,3219579.0,2738685.0
Cindy Banyai,D,False,38.7,False,Florida,19,214750.0,203430.0
Alcee Hastings,D,True,78.7,True,Florida,20,607649.0,543316.0
Greg Musselwhite,R,False,21.3,False,Florida,20,28955.0,27538.0
Lois Frankel,D,True,59.0,True,Florida,21,1534882.0,1309786.0
Laura Loomer,R,False,39.1,False,Florida,21,2271604.0,2240689.0
Charleston Malkemus,I,False,1.9,False,Florida,21,28928.0,28636.0
Ted Deutch,D,True,58.6,True,Florida,22,1364438.0,1265494.0
Jim Pruden,R,False,41.4,False,Florida,22,278416.0,278416.0
Debbie Wasserman Schultz,D,True,58.2,True,Florida,23,2191922.0,1979903.0
Carla Spalding,R,False,41.8,False,Florida,23,919579.0,903561.0
Frederica Wilson,D,True,75.6,True,Florida,24,412592.0,321019.0
Lavern Spicer,R,False,20.4,False,Florida,24,34973.0,34909.0
Christine Olivo,I,False,4.0,False,Florida,24,31646.0,32898.0
Mario Diaz-Balart,R,True,100.0,True,Florida,25,1590134.0,804054.0
Debbie Mucarsel-Powell,D,True,48.3,False,Florida,26,6793521.0,6822740.0
Carlos Gimenez,R,False,51.7,True,Florida,26,2226559.0,2187389.0
Donna Shalala,D,True,48.6,False,Florida,27,3842907.0,3735966.0
Maria Salazar,R,False,51.4,True,Florida,27,3654190.0,3645814.0
Frank Polo,I,False,0,False,Florida,27,4606.0,4662.0
Buddy Carter,R,True,58.4,True,Georgia,01,2315487.0,1734754.0
Joyce Griggs,D,False,41.7,False,Georgia,01,130043.0,125000.0
Sanford Bishop,D,True,59.1,True,Georgia,02,1540683.0,1440571.0
Don Cole,R,False,40.9,False,Georgia,02,164274.0,162522.0
Drew Ferguson,R,True,65.0,True,Georgia,03,2374212.0,2150911.0
Val Almonord,D,False,35.0,False,Georgia,03,35762.0,31946.0
Hank Johnson,D,True,80.1,True,Georgia,04,628303.0,490360.0
Johsira C. Cruz,R,False,19.9,False,Georgia,04,12954.0,23146.0
Nikema Williams,D,False,85.2,True,Georgia,05,553964.0,362801.0
Robert Franklin,D,False,0,False,Georgia,05,360473.0,358394.0
Angela Stanton-King,R,False,14.9,False,Georgia,05,305279.0,301338.0
Kwanza Hall,D,False,0,False,Georgia,05,239597.0,227091.0
Barrington Martin II,D,False,0,False,Georgia,05,16522.0,16517.0
Chase Oliver,L,False,0,False,Georgia,05,9225.0,5220.0
Steven Muhammad,I,False,0,False,Georgia,05,3497.0,4965.0
Keisha Waites,D,False,0,False,Georgia,05,875.0,0.0
Lucy McBath,D,True,54.6,True,Georgia,06,8507298.0,8586054.0
Karen Handel,R,False,45.4,False,Georgia,06,3026243.0,3072932.0
Carolyn Bourdeaux,D,False,54.4,True,Georgia,07,5133244.0,5161230.0
Richard McCormick,R,False,48.6,False,Georgia,07,2595446.0,2563724.0
Austin Scott,R,True,64.5,True,Georgia,08,821745.0,716159.0
Jimmy Cooper,3,False,0,False,Georgia,08,8542.0,8528.0
Lindsay Holliday,D,False,35.5,False,Georgia,08,7480.0,5220.0
Andrew Clyde,R,False,78.6,True,Georgia,09,1569425.0,1561316.0
Devin Pandy,D,False,21.4,False,Georgia,09,84272.0,84623.0
Jody Hice,R,True,62.3,True,Georgia,10,595947.0,457648.0
Tabitha Johnson-Green,D,False,37.7,False,Georgia,10,14808.0,12214.0
Barry Loudermilk,R,True,60.4,True,Georgia,11,877767.0,700851.0
Dana Barrett,D,False,39.6,False,Georgia,11,404625.0,394977.0
Richard W Allen,R,True,58.4,True,Georgia,12,1228970.0,662818.0
Liz Johnson,D,False,41.6,False,Georgia,12,72061.0,72061.0
David Scott,D,True,77.4,True,Georgia,13,1209614.0,1131746.0
Becky Hites,R,False,22.6,False,Georgia,13,63509.0,62935.0
Martin Cowen,L,False,0,False,Georgia,13,13460.0,13464.0
Marjorie Taylor Greene,R,False,74.8,True,Georgia,14,2596914.0,2237599.0
Ed Case,D,True,64.7,False,Hawaii,01,508249.0,472569.0
Ron Curtis,R,False,25.1,False,Hawaii,01,12538.0,12647.0
Kai Kahele,D,False,57.9,True,Hawaii,02,1235523.0,1039637.0
Joe Akana,R,False,28.3,False,Hawaii,02,54534.0,55344.0
Jonathan Hoomanawanui,3,False,2.2,False,Hawaii,02,1883.0,1522.0
Russ Fulcher,R,True,67.8,True,Idaho,01,575485.0,508457.0
Rudy Soto,D,False,28.7,False,Idaho,01,302902.0,302902.0
Mike Simpson,R,True,64.1,True,Idaho,02,1008847.0,1099604.0
Aaron Swisher,D,False,31.7,False,Idaho,02,70674.0,70268.0
Bobby Rush,D,True,73.8,True,Illinois,01,541435.0,496454.0
Philanise White,R,False,26.2,False,Illinois,01,6289.0,5048.0
Robin Kelly,D,True,78.8,True,Illinois,02,1634783.0,1108137.0
Marie Newman,D,False,56.4,True,Illinois,03,2802093.0,2699323.0
Mike Fricilone,R,False,43.6,False,Illinois,03,128458.0,127980.0
Jesus Garcia,D,True,16.0,True,Illinois,04,822846.0,711159.0
Jesus Solorio Jr,R,False,84.0,False,Illinois,04,2065.0,843.0
Mike Quigley,D,True,70.8,True,Illinois,05,1171507.0,926655.0
Sean Casten,D,True,52.8,True,Illinois,06,5582179.0,5313570.0
Jeanne Ives,R,False,45.4,False,Illinois,06,3157771.0,3135464.0
Bill Redpath,L,False,1.7,False,Illinois,06,9837.0,9837.0
Danny K Davis,D,True,80.4,True,Illinois,07,544690.0,505506.0
Tracy Jennings,3,False,6.2,False,Illinois,07,65283.0,65283.0
Raja Krishnamoorthi,D,True,73.2,True,Illinois,08,6358878.0,2207703.0
Jan Schakowsky,D,True,71.0,True,Illinois,09,1834801.0,1514838.0
Sargis Sangari,R,False,29.0,False,Illinois,09,35364.0,34715.0
Brad Schneider,D,True,63.8,True,Illinois,10,3459512.0,2873333.0
Valerie Ramirez Mukherjee,R,False,36.2,False,Illinois,10,130225.0,64764.0
Bill Foster,D,True,63.3,True,Illinois,11,2381354.0,1823906.0
Rick Laib,R,False,36.7,False,Illinois,11,20343.0,20064.0
Mike Bost,R,True,60.6,True,Illinois,12,1918041.0,1509573.0
Ray Lenzi,D,False,39.4,False,Illinois,12,161324.0,104809.0
Rodney Davis,R,True,54.4,True,Illinois,13,4943459.0,4822600.0
Betsy Dirksen Londrigan,D,False,45.6,False,Illinois,13,5297007.0,5281880.0
Lauren A Underwood,D,True,50.7,True,Illinois,14,7803579.0,7301503.0
Jim Oberweis,R,False,49.3,False,Illinois,14,2438857.0,2348798.0
Mary Miller,R,False,73.5,True,Illinois,15,689057.0,570356.0
Erika Weaver,D,False,26.5,False,Illinois,15,58689.0,23349.0
Adam Kinzinger,R,True,64.8,True,Illinois,16,2105736.0,1588550.0
Dani Brzozowski,D,False,35.2,False,Illinois,16,459344.0,376167.0
Cheri Bustos,D,True,52.0,True,Illinois,17,4975192.0,6391009.0
Esther Joy King,R,False,48.0,False,Illinois,17,2032878.0,2030587.0
Darin LaHood,R,True,70.5,True,Illinois,18,3248113.0,1749128.0
Frank Mrvan Jr,D,False,56.6,True,Indiana,01,578635.0,464407.0
Mark Leyva,R,False,40.4,False,Indiana,01,16551.0,15343.0
Jackie Walorski,R,True,61.5,True,Indiana,02,2383467.0,1698202.0
Pat Hackett,D,False,38.5,False,Indiana,02,881888.0,867301.0
Jim Banks,R,True,67.8,True,Indiana,03,1202509.0,769591.0
Chip Coldiron,D,False,32.2,False,Indiana,03,94056.0,89883.0
Jim Baird,R,True,66.6,True,Indiana,04,327727.0,190158.0
Joe Mackey,D,False,33.4,False,Indiana,04,44585.0,43213.0
Christina Hale,D,False,45.9,False,Indiana,05,4010368.0,3998905.0
Victoria Spartz,R,False,50.0,True,Indiana,05,3119328.0,3010203.0
Greg Pence,R,True,68.7,True,Indiana,06,3114448.0,2804148.0
Jeannine Lee Lake,D,False,27.7,False,Indiana,06,143089.0,145315.0
Andre Carson,D,True,62.4,True,Indiana,07,1011635.0,873962.0
Susan Marie Smith,R,False,37.6,False,Indiana,07,62905.0,59843.0
Larry Bucshon,R,True,66.9,True,Indiana,08,1051336.0,1078646.0
Thomasina Marsili,D,False,29.8,False,Indiana,08,68734.0,68480.0
Trey Hollingsworth,R,True,60.9,True,Indiana,09,1166754.0,501136.0
Andy Ruff,D,False,34.8,False,Indiana,09,148263.0,134906.0
Tonya Millis,L,False,4.3,False,Indiana,09,10224.0,10041.0
Abby Finkenauer,D,True,48.7,False,Iowa,01,5901441.0,5875405.0
Ashley Hinson,R,False,51.3,True,Iowa,01,5175883.0,5059211.0
Rita Hart,D,False,50.0,False,Iowa,02,4232992.0,4114400.0
Mariannette Miller-Meeks,R,False,50.0,True,Iowa,02,2174194.0,1721926.0
Cindy Axne,D,True,49.0,True,Iowa,03,6236976.0,6236994.0
David Young,R,False,47.6,False,Iowa,03,3170072.0,3094582.0
J.D. Scholten,D,False,62.1,False,Iowa,04,2885915.0,2902003.0
Randy Feenstra,R,False,37.9,True,Iowa,04,1906234.0,1894288.0
Tracey Mann,R,False,71.4,True,Kansas,01,1403353.0,1127156.0
Kali Barnett,D,False,28.6,False,Kansas,01,603036.0,592924.0
Michelle De La Isla,D,False,40.5,False,Kansas,02,1825085.0,1810968.0
Jake Laturner,R,False,55.3,True,Kansas,02,1593407.0,1578460.0
Sharice Davids,D,True,53.4,True,Kansas,03,5638552.0,5168034.0
Amanda Adkins,R,False,43.8,False,Kansas,03,2182382.0,2139673.0
Ron Estes,R,True,64.0,True,Kansas,04,1993808.0,1420188.0
Laura Lombard,D,False,36.0,False,Kansas,04,264459.0,258684.0
James Comer,R,True,75.0,True,Kentucky,01,736116.0,502554.0
Brett Guthrie,R,True,71.0,True,Kentucky,02,1412797.0,1566622.0
Hank Linderman,D,False,26.3,False,Kentucky,02,93388.0,71122.0
Robert Lee Perry,L,False,2.1,False,Kentucky,02,12798.0,7825.0
John Yarmuth,D,True,62.7,True,Kentucky,03,658295.0,690226.0
Rhonda Palazzo,R,False,37.3,False,Kentucky,03,46144.0,45668.0
Thomas Massie,R,True,67.1,True,Kentucky,04,1457316.0,1563275.0
Alexandra Owensby,D,False,32.9,False,Kentucky,04,156174.0,106359.0
Hal Rogers,R,True,84.2,True,Kentucky,05,664168.0,835781.0
Andy Barr,R,True,57.3,True,Kentucky,06,4536264.0,4316239.0
Josh Hicks,D,False,41.0,False,Kentucky,06,2936320.0,2935615.0
Steve Scalise,R,True,72.2,True,Louisiana,01,37262827.0,32830607.0
Cedric Richmond,D,True,63.6,True,Louisiana,02,1628289.0,1302079.0
Clay Higgins,R,True,67.8,True,Louisiana,03,751498.0,720424.0
Robert Jon Anderson,D,False,11.6,False,Louisiana,03,63617.0,48015.0
Braylon Harris,D,False,17.9,False,Louisiana,03,23006.0,15130.0
Mike Johnson,R,True,60.4,True,Louisiana,04,1299787.0,1039393.0
Kenny Houston,D,False,25.5,False,Louisiana,04,33677.0,33407.0
Luke Letlow,R,False,0,False,Louisiana,05,1392822.0,1303757.0
Lance Harris,R,False,0,False,Louisiana,05,696805.0,687833.0
Martin Lemelle,D,False,0,False,Louisiana,05,173796.0,162747.0
Scotty Robinson,R,False,0,False,Louisiana,05,113903.0,113835.0
Candy Christophe,D,False,0,False,Louisiana,05,77101.0,131161.0
Phillip Snowden,D,False,0,False,Louisiana,05,29481.0,28077.0
Matthew Hasty,R,False,0,False,Louisiana,05,2654.0,2615.0
Garret Graves,R,True,71.1,True,Louisiana,06,1743015.0,1200287.0
Dartanyon Williams,D,False,25.6,False,Louisiana,06,111316.0,98114.0
Chellie Pingree,D,True,61.5,True,Maine,01,487080.0,264790.0
Jay Allen,R,False,38.5,False,Maine,01,79585.0,69853.0
Jared Golden,D,True,52.9,True,Maine,02,5272142.0,5233990.0
Dale Crafts,R,False,47.1,False,Maine,02,1199805.0,1196117.0
Kathleen Williams,D,False,43.6,False,Montana,01,6201758.0,6232286.0
Matt Rosendale,R,False,56.4,True,Montana,01,3674706.0,3488045.0
Jeff Fortenberry,R,True,59.5,True,Nebraska,01,1472816.0,2458330.0
Kate Bolz,D,False,37.7,False,Nebraska,01,1143509.0,1140371.0
Don Bacon,R,True,50.6,True,Nebraska,02,3749272.0,3713961.0
Kara Eastman,D,False,46.3,False,Nebraska,02,4414390.0,4468006.0
Adrian Smith,R,True,78.5,True,Nebraska,03,1506473.0,1148409.0
Mark Elworth Jr,D,False,17.7,False,Nebraska,03,255.0,0.0
Dina Titus,D,True,61.8,True,Nevada,01,706193.0,587919.0
Mark Amodei,R,True,56.5,True,Nevada,02,1048056.0,1016673.0
Patricia Ackerman,D,False,40.7,False,Nevada,02,449363.0,449449.0
Susie Lee,D,True,48.8,True,Nevada,03,4748019.0,4732009.0
Dan Rodimer,R,False,45.8,False,Nevada,03,2936059.0,2915216.0
Steven Horsford,D,True,50.7,True,Nevada,04,3492372.0,3024427.0
Jim Marchant,R,False,45.8,False,Nevada,04,1462772.0,1419405.0
Jonathan Royce Esteban,L,False,2.4,False,Nevada,04,2788.0,1603.0
Chris Pappas,D,True,51.3,True,New Hampshire,01,3205731.0,3105663.0
Matt Mowers,R,False,46.2,False,New Hampshire,01,1707214.0,1698761.0
Ann Kuster,D,True,53.9,True,New Hampshire,02,2960033.0,2970274.0
Steve Negron,R,False,43.7,False,New Hampshire,02,368177.0,378959.0
Don Norcross,D,True,62.5,True,New Jersey,01,2221989.0,1087264.0
Claire Gustafson,R,False,37.5,False,New Jersey,01,36520.0,21761.0
Jeff Van Drew,R,True,51.9,True,New Jersey,02,4229171.0,4041493.0
Amy Kennedy,D,False,46.2,False,New Jersey,02,4984376.0,4978913.0
Andy Kim,D,True,53.2,True,New Jersey,03,7241283.0,6753262.0
David Richter,R,False,45.5,False,New Jersey,03,1473669.0,1470648.0
Chris Smith,R,True,59.9,True,New Jersey,04,1383085.0,1284522.0
Stephanie Schmid,D,False,38.3,False,New Jersey,04,699580.0,658011.0
Josh Gottheimer,D,True,53.2,True,New Jersey,05,7694027.0,3487964.0
Frank Pallotta,R,False,45.6,False,New Jersey,05,1972033.0,1948705.0
Louis A. Vellucci,I,False,1.2,False,New Jersey,05,5456.0,5342.0
Frank Pallone Jr.,D,True,61.2,True,New Jersey,06,3231755.0,2021737.0
Tom Malinowski,D,True,50.6,True,New Jersey,07,7414403.0,7423758.0
Tom Kean,R,False,49.4,False,New Jersey,07,3869121.0,3775442.0
Albio Sires,D,True,74.0,True,New Jersey,08,605810.0,551325.0
Bill Pascrell Jr.,D,True,65.8,True,New Jersey,09,1560550.0,1795410.0
Billy Prempeh,R,False,31.9,False,New Jersey,09,44269.0,35075.0
Donald M Payne Jr.,D,True,83.3,True,New Jersey,10,593735.0,457252.0
Mikie Sherrill,D,True,53.3,True,New Jersey,11,6419707.0,3733106.0
Rosemary Becchi,R,False,46.7,False,New Jersey,11,1687532.0,1686236.0
Bonnie Watson Coleman,D,True,65.6,True,New Jersey,12,798439.0,840651.0
Mark Razzoli,R,False,32.6,False,New Jersey,12,3065.0,1142.0
Debra Haaland,D,True,58.1,True,New Mexico,01,2246734.0,1875766.0
Michelle Garcia Holmes,R,False,41.9,False,New Mexico,01,257294.0,245590.0
Xochitl Torres Small,D,True,46.3,False,New Mexico,02,8387337.0,8539065.0
Yvette Herrell,R,False,53.7,True,New Mexico,02,2805711.0,2921785.0
Steve Jones,I,False,0,False,New Mexico,02,9405.0,9505.0
Teresa Leger Fernandez,D,False,58.7,True,New Mexico,03,2296594.0,2132010.0
Alexis Johnson,R,False,41.3,False,New Mexico,03,147303.0,147303.0
Lee Zeldin,R,True,55.9,True,New York,01,8396981.0,8250116.0
Nancy Goroff,D,False,44.1,False,New York,01,7866239.0,7860977.0
Jackie Gordon,D,False,46.0,False,New York,02,4351881.0,4334484.0
Andrew Garbarino,R,False,52.9,True,New York,02,1743986.0,1612132.0
Harry Burger,3,False,1.0,False,New York,02,2430.0,594.0
Tom Suozzi,D,True,53.2,True,New York,03,2941006.0,2331302.0
George Santos,R,False,46.2,False,New York,03,658883.0,591239.0
Joshua Sauberman,I,False,0,False,New York,03,127.0,270.0
Kathleen Rice,D,True,52.0,True,New York,04,1106258.0,1210410.0
Douglas Tuman,R,False,47.3,False,New York,04,134937.0,130995.0
Ed Dennehy,I,False,0,False,New York,04,9031.0,9031.0
Gregory Meeks,D,True,99.0,True,New York,05,2097572.0,1467454.0
Amit Lal,I,False,0,False,New York,05,126.0,0.0
Grace Meng,D,True,62.6,True,New York,06,1292084.0,1872311.0
Thomas Zmich,R,False,37.4,False,New York,06,133403.0,131278.0
Nydia Velazquez,D,True,83.0,True,New York,07,803217.0,676248.0
Hakeem Jeffries,D,True,82.5,True,New York,08,4168717.0,3293077.0
Yvette Clarke,D,True,81.5,True,New York,09,1200067.0,1190143.0
Jerrold Nadler,D,True,68.5,True,New York,10,1848688.0,1950774.0
Cathy Bernstein,R,False,30.1,False,New York,10,49975.0,28384.0
Jeanne Nigro,I,False,0,False,New York,10,34548.0,28039.0
Michael Madrid,L,False,1.2,False,New York,10,14326.0,12149.0
Max Rose,D,True,42.0,False,New York,11,9284434.0,9499242.0
Nicole Malliotakis,R,False,57.8,True,New York,11,3469995.0,3447052.0
Kemi Akindude,I,False,0,False,New York,11,21261.0,14697.0
Carolyn Maloney,D,True,78.9,True,New York,12,3067173.0,3059202.0
Adriano Espaillat,D,True,86.0,True,New York,13,1087237.0,1252740.0
Lovelynn Gwinn,R,False,8.0,False,New York,13,39384.0,39384.0
Alexandria Ocasio-Cortez,D,True,68.7,True,New York,14,20664795.0,16735422.0
John C. Cummings,R,False,30.5,False,New York,14,11140937.0,10947758.0
Ritchie Torres,D,False,88.2,True,New York,15,2194025.0,1804336.0
Jamaal Bowman,D,False,82.9,True,New York,16,2878898.0,2801424.0
Mondaire Jones,D,False,54.1,True,New York,17,2984052.0,2186463.0
Maureen McArdle Schulman,R,False,39.8,False,New York,17,54732.0,60084.0
Michael Parietti,3,False,0.9,False,New York,17,44787.0,19670.0
Sean Patrick Maloney,D,True,51.8,True,New York,18,2556294.0,1718525.0
Chele Farley,R,False,47.3,False,New York,18,1186211.0,1152124.0
Scott Smith,I,False,0.9,False,New York,18,8718.0,8403.0
Antonio Delgado,D,True,51.5,True,New York,19,5949475.0,2963286.0
Kyle Van De Water,R,False,45.9,False,New York,19,153796.0,120097.0
Paul Tonko,D,True,56.5,True,New York,20,1541984.0,1418994.0
Elizabeth Joy,R,False,43.4,False,New York,20,370852.0,336845.0
Elise Stefanik,R,True,64.4,True,New York,21,13287248.0,11655936.0
Tedra Cobb,D,False,35.6,False,New York,21,5586793.0,5593266.0
Anthony Brindisi,D,True,0,False,New York,22,6020190.0,5772429.0
Claudia Tenney,R,False,0,False,New York,22,3051777.0,2725893.0
Tom Reed,R,True,57.7,True,New York,23,3275177.0,3145027.0
Tracy Mitrano,D,False,41.4,False,New York,23,1450322.0,1466128.0
John Katko,R,True,53.1,True,New York,24,3821107.0,3597234.0
Dana Balter,D,False,43.0,False,New York,24,3212469.0,3230808.0
Joseph D Morelle,D,True,59.3,True,New York,25,1375366.0,1274426.0
George Mitris,R,False,39.1,False,New York,25,301376.0,279047.0
Kevin Wilson,L,False,1.5,False,New York,25,5128.0,3417.0
Brian Higgins,D,True,69.8,True,New York,26,1124168.0,984106.0
Chris Jacobs,R,True,59.7,True,New York,27,2147101.0,2084271.0
Nate McMurray,D,False,39.0,False,New York,27,1150058.0,1097111.0
Duane Whitmer,L,False,1.3,False,New York,27,36056.0,36056.0
G K Butterfield,D,True,54.2,True,North Carolina,01,1032869.0,880420.0
Sandy Smith,R,False,45.8,False,North Carolina,01,1458375.0,1437805.0
Deborah Ross,D,False,63.0,True,North Carolina,02,2268381.0,1816923.0
Alan Swain,R,False,34.8,False,North Carolina,02,119664.0,119435.0
Japheth Matemu,L,False,2.2,False,North Carolina,02,625.0,54.0
Greg Murphy,R,True,63.4,True,North Carolina,03,1767790.0,1505559.0
David Price,D,True,67.3,True,North Carolina,04,1161738.0,1014872.0
Virginia Foxx,R,True,66.9,True,North Carolina,05,1858388.0,1944629.0
David Wilson Brown,D,False,31.1,False,North Carolina,05,61596.0,60668.0
Kathy Manning,D,False,62.3,True,North Carolina,06,2002284.0,1695596.0
Lee Haywood,R,False,37.7,False,North Carolina,06,73878.0,58342.0
Jennyfer Bucardo,I,False,0,False,North Carolina,06,750.0,759.0
David Rouzer,R,True,60.3,True,North Carolina,07,1628458.0,1038883.0
Christopher Ward,D,False,39.6,False,North Carolina,07,16260.0,4119.0
Richard Hudson,R,True,53.3,True,North Carolina,08,4135872.0,4359009.0
Patricia Timmons-Goodson,D,False,46.7,False,North Carolina,08,3855743.0,3852668.0
Dan Bishop,R,True,55.6,True,North Carolina,09,4090260.0,4029864.0
Cynthia Wallace,D,False,44.4,False,North Carolina,09,811609.0,794300.0
Patrick McHenry,R,True,68.9,True,North Carolina,10,2780234.0,2339363.0
David Parker,D,False,31.1,False,North Carolina,10,30555.0,30555.0
Madison Cawthorn,R,False,54.5,True,North Carolina,11,4478970.0,4366783.0
Moe Davis,D,False,42.3,False,North Carolina,11,2251413.0,2148121.0
Alma Adams,D,True,100.0,True,North Carolina,12,824124.0,651883.0
Bill Brewster,R,False,0,False,North Carolina,12,21950.0,16763.0
Ted Budd,R,True,68.2,True,North Carolina,13,2294174.0,1293414.0
Scott Huffman,D,False,31.8,False,North Carolina,13,193334.0,189967.0
Kelly Armstrong,R,True,69.0,True,North Dakota,01,1269346.0,1080105.0
Zach Raknerud,D,False,27.6,False,North Dakota,01,28047.0,26029.0
Steve Chabot,R,True,51.8,True,Ohio,01,3177647.0,2861464.0
Kate Schroder,D,False,44.7,False,Ohio,01,4040303.0,4039798.0
Kevin Kahn,L,False,3.6,False,Ohio,01,12085.0,8398.0
Brad Wenstrup,R,True,61.1,True,Ohio,02,1794354.0,1757078.0
Jaime Castle,D,False,38.9,False,Ohio,02,284197.0,271471.0
Joyce Beatty,D,True,70.8,True,Ohio,03,2237887.0,2540687.0
Nicholas Moss,I,False,0.0,False,Ohio,03,1258.0,1248.0
Jim Jordan,R,True,67.9,True,Ohio,04,18313823.0,12945651.0
Chris Gibbs,I,False,0,False,Ohio,04,65807.0,65807.0
Bob Latta,R,True,68.0,True,Ohio,05,1580952.0,1477090.0
Nick Rubando,D,False,32.0,False,Ohio,05,249319.0,247423.0
Bill Johnson,R,True,74.4,True,Ohio,06,1866123.0,1853361.0
Shawna Roberts,D,False,25.6,False,Ohio,06,262.0,574.0
Bob Gibbs,R,True,67.5,True,Ohio,07,791888.0,453928.0
Quentin Potter,D,False,29.2,False,Ohio,07,12976.0,12976.0
Brandon Lape,L,False,3.3,False,Ohio,07,3348.0,2713.0
Warren Davidson,R,True,69.0,True,Ohio,08,1016740.0,841533.0
Vanessa Enoch,D,False,31.0,False,Ohio,08,40270.0,37546.0
Marcy Kaptur,D,True,63.1,True,Ohio,09,1090395.0,979798.0
Rob Weber,R,False,36.9,False,Ohio,09,134898.0,123262.0
Michael R Turner,R,True,58.4,True,Ohio,10,1752255.0,1736283.0
Desiree Tims,D,False,41.6,False,Ohio,10,2040760.0,2024010.0
Marcia Fudge,D,True,80.1,True,Ohio,11,755787.0,499820.0
Laverne Gore,R,False,20.0,False,Ohio,11,157044.0,156827.0
Troy Balderson,R,True,55.2,True,Ohio,12,2016826.0,1995665.0
Alaina Shearer,D,False,41.8,False,Ohio,12,1033711.0,1025410.0
John Stewart,L,False,3.0,False,Ohio,12,75170.0,66382.0
Tim Ryan,D,True,52.5,True,Ohio,13,1972446.0,2071454.0
Christina Hagan,R,False,44.9,False,Ohio,13,861723.0,820660.0
David P Joyce,R,True,60.1,True,Ohio,14,2917696.0,2501449.0
Hillary O'Connor Mueri,D,False,39.9,False,Ohio,14,579877.0,574646.0
Steve Stivers,R,True,63.4,True,Ohio,15,3004799.0,2293101.0
Joel Newby,D,False,36.6,False,Ohio,15,55797.0,55797.0
Anthony Gonzalez,R,True,63.2,True,Ohio,16,2338195.0,1839807.0
Aaron Godfrey,D,False,36.8,False,Ohio,16,60294.0,60430.0
Kevin Hern,R,True,63.7,True,Oklahoma,01,1094104.0,830366.0
Kojo Asamoa-Caesar,D,False,32.7,False,Oklahoma,01,157355.0,173928.0
Markwayne Mullin,R,True,75.0,True,Oklahoma,02,1660206.0,1077939.0
Danyell Lanier,D,False,22.0,False,Oklahoma,02,41730.0,41722.0
Frank D Lucas,R,True,78.5,True,Oklahoma,03,872749.0,1036145.0
Tom Cole,R,True,67.8,True,Oklahoma,04,1812530.0,1753697.0
Mary Brannon,D,False,28.8,False,Oklahoma,04,2084.0,1599.0
Kendra Horn,D,True,47.9,False,Oklahoma,05,5949800.0,5946195.0
Stephanie Bice,R,False,52.1,True,Oklahoma,05,3720520.0,3508929.0
Suzanne Bonamici,D,True,64.6,True,Oregon,01,959223.0,864627.0
Chris Christensen,R,False,35.2,False,Oregon,01,144.0,672.0
Cliff Bentz,R,False,60.0,True,Oregon,02,1450780.0,1361727.0
Alex Spenser,D,False,36.9,False,Oregon,02,20640.0,5089.0
Earl Blumenauer,D,True,73.0,True,Oregon,03,1813365.0,1948453.0
Joanna Harbour,R,False,23.5,False,Oregon,03,17681.0,14502.0
Peter DeFazio,D,True,51.6,True,Oregon,04,5182843.0,5781074.0
Alek Skarlatos,R,False,46.2,False,Oregon,04,5454621.0,5331264.0
Kurt Schrader,D,True,51.9,True,Oregon,05,2018692.0,1922073.0
Amy Ryan Courser,R,False,45.2,False,Oregon,05,231624.0,221041.0
Andy Harris,R,True,63.5,True,Maryland,01,1468096.0,973953.0
Mia Mason,D,False,36.3,False,Maryland,01,2524.0,0.0
Dutch Ruppersberger,D,True,67.2,True,Maryland,02,1012835.0,927353.0
Johnny Ray Salling,R,False,32.6,False,Maryland,02,68320.0,66895.0
John Sarbanes,D,True,69.5,True,Maryland,03,573599.0,687299.0
Charles Anthony,R,False,30.3,False,Maryland,03,7798.0,6742.0
Anthony Brown,D,True,79.3,True,Maryland,04,1446636.0,846827.0
Steny H Hoyer,D,True,68.5,True,Maryland,05,4587189.0,4342255.0
Chris Palombi,R,False,31.2,False,Maryland,05,43462.0,42095.0
David Trone,D,True,57.9,True,Maryland,06,2944893.0,2959748.0
Neil Parrott,R,False,40.2,False,Maryland,06,315936.0,261259.0
Kweisi Mfume,D,True,71.6,True,Maryland,07,1014126.0,713389.0
Kimberly Klacik,R,False,28.1,False,Maryland,07,8296845.0,7499454.0
Amber Ivey,I,False,0,False,Maryland,07,41924.0,43394.0
Jamie Raskin,D,True,67.3,True,Maryland,08,2072652.0,1399252.0
Gregory Coll,R,False,32.5,False,Maryland,08,30876.0,27257.0
Richard E Neal,D,True,96.5,True,Massachusetts,01,4949384.0,5873122.0
James P McGovern,D,True,65.3,True,Massachusetts,02,1052549.0,1089412.0
Tracy Lovvorn,R,False,34.6,False,Massachusetts,02,26311.0,22319.0
Lori Trahan,D,True,97.7,True,Massachusetts,03,1449303.0,1232437.0
Jake Auchincloss,D,False,60.8,True,Massachusetts,04,2608686.0,2150904.0
Julie Hall,R,False,38.9,False,Massachusetts,04,131603.0,129378.0
Katherine Clark,D,True,74.3,True,Massachusetts,05,1788706.0,1514877.0
Caroline Colarusso,R,False,25.6,False,Massachusetts,05,148635.0,146972.0
Seth Moulton,D,True,65.4,True,Massachusetts,06,1289805.0,1802169.0
John Paul Moran,R,False,34.4,False,Massachusetts,06,300220.0,299104.0
Ayanna Pressley,D,True,86.6,True,Massachusetts,07,2163370.0,1748432.0
Stephen Lynch,D,True,80.7,True,Massachusetts,08,905614.0,1134662.0
Bill Keating,D,True,61.3,True,Massachusetts,09,708680.0,652448.0
Helen Brady,R,False,36.3,False,Massachusetts,09,28233.0,23735.0
John Bergman,R,True,61.6,True,Michigan,01,1868512.0,1733466.0
Dana Ferguson,D,False,36.9,False,Michigan,01,346213.0,339788.0
Bill Huizenga,R,True,59.2,True,Michigan,02,2175411.0,1883610.0
Bryan Berghoef,D,False,38.2,False,Michigan,02,751576.0,669864.0
Jean-Michel Creviere,3,False,0.7,False,Michigan,02,281.0,1207.0
Hillary Scholten,D,False,47.0,False,Michigan,03,3793132.0,3765942.0
Peter Meijer,R,False,53.0,True,Michigan,03,2975972.0,2887774.0
John Moolenaar,R,True,65.0,True,Michigan,04,1528612.0,1036160.0
Jerry Hilliard,D,False,32.4,False,Michigan,04,23117.0,23603.0
Dan Kildee,D,True,54.5,True,Michigan,05,1669951.0,1504094.0
Tim Kelly,R,False,41.7,False,Michigan,05,71106.0,71106.0
Fred Upton,R,True,55.8,True,Michigan,06,3616380.0,3464617.0
Jon Hoadley,D,False,40.1,False,Michigan,06,3116491.0,3098366.0
Tim Walberg,R,True,58.8,True,Michigan,07,2301635.0,1586358.0
Gretchen Driskell,D,False,41.3,False,Michigan,07,1712840.0,1712840.0
Elissa Slotkin,D,True,50.9,True,Michigan,08,8967420.0,7419974.0
Paul Junge,R,False,47.3,False,Michigan,08,2107608.0,2097131.0
Andy Levin,D,True,57.8,True,Michigan,09,1316607.0,907237.0
Lisa McClain,R,False,66.3,True,Michigan,10,2266287.0,2137031.0
Kimberly Bizon,D,False,33.7,False,Michigan,10,41438.0,41246.0
Haley Stevens,D,True,50.2,True,Michigan,11,5776924.0,5707448.0
Eric Esshaki,R,False,47.8,False,Michigan,11,1298612.0,1291509.0
Debbie Dingell,D,True,66.4,True,Michigan,12,1630498.0,1689582.0
Jeff Jones,R,False,30.7,False,Michigan,12,10616.0,9657.0
Rashida Tlaib,D,True,77.9,True,Michigan,13,4014411.0,3690334.0
Donald Eason,I,False,0,False,Michigan,13,34156.0,34156.0
Brenda Lawrence,D,True,78.9,True,Michigan,14,1084662.0,789570.0
Vance Patrick,R,False,18.7,False,Michigan,14,39670.0,41973.0
Jim Hagedorn,R,True,48.6,True,Minnesota,01,2386033.0,2305994.0
Daniel Feehan,D,False,45.5,False,Minnesota,01,4861651.0,4863835.0
Angie Craig,D,True,48.2,True,Minnesota,02,5380101.0,4435492.0
Tyler Kistner,R,False,45.9,False,Minnesota,02,2990054.0,2956042.0
Dean Phillips,D,True,55.6,True,Minnesota,03,2328616.0,2152031.0
Kendall Qualls,R,False,44.3,False,Minnesota,03,1863927.0,1751214.0
Gary Heyer,I,False,0,False,Minnesota,03,827.0,827.0
Betty McCollum,D,True,63.2,True,Minnesota,04,1171748.0,994072.0
Gene Rechtzigel,R,False,29.0,False,Minnesota,04,20075.0,20075.0
Ilhan Omar,D,True,64.3,True,Minnesota,05,5718517.0,5605576.0
Lacy Johnson,R,False,25.8,False,Minnesota,05,12050564.0,12000896.0
Chris Kelley,3,False,0,False,Minnesota,05,249583.0,249583.0
Ervan Katari Miller,I,False,0,False,Minnesota,05,255.0,187.0
Tom Emmer,R,True,65.5,True,Minnesota,06,2804265.0,2537612.0
Tawnja Zahradka,D,False,34.3,False,Minnesota,06,49242.0,49214.0
Collin Peterson,D,True,39.9,False,Minnesota,07,2714012.0,2867577.0
Michelle Fischbach,R,False,53.4,True,Minnesota,07,2618450.0,2580501.0
Pete Stauber,R,True,56.7,True,Minnesota,08,2593190.0,2608759.0
Quinn Nystrom,D,False,37.6,False,Minnesota,08,1530606.0,1527005.0
Trent Kelly,R,True,68.7,True,Mississippi,01,876882.0,826673.0
Antonia Eliason,D,False,31.3,False,Mississippi,01,22281.0,18174.0
Bennie G Thompson,D,True,66.0,True,Mississippi,02,1377392.0,1096904.0
Michael Guest,R,True,64.7,True,Mississippi,03,766807.0,518162.0
Steven Palazzo,R,True,100.0,True,Mississippi,04,817129.0,747217.0
Cori Bush,D,False,78.8,True,Missouri,01,1418014.0,1333512.0
Ann Wagner,R,True,52.0,True,Missouri,02,5598287.0,6513101.0
Jill Schupp,D,False,45.4,False,Missouri,02,4850948.0,4830434.0
Blaine Luetkemeyer,R,True,69.4,True,Missouri,03,2022905.0,2081391.0
Vicky Hartzler,R,True,67.6,True,Missouri,04,1700978.0,1335607.0
Lindsey Simmons,D,False,29.7,False,Missouri,04,395934.0,384622.0
Emanuel Cleaver,D,True,58.5,True,Missouri,05,1393847.0,928061.0
Ryan Derks,R,False,38.7,False,Missouri,05,76488.0,76488.0
Sam Graves,R,True,67.1,True,Missouri,06,1959516.0,1654756.0
Gena Ross,D,False,30.8,False,Missouri,06,10170.0,10530.0
Billy Long,R,True,68.7,True,Missouri,07,1320420.0,1518234.0
Audrey Richards,I,False,0,False,Missouri,07,7985.0,8113.0
Jason Smith,R,True,76.9,True,Missouri,08,1900227.0,1514786.0
Kathryn Ellis,D,False,21.4,False,Missouri,08,302428.0,305387.0
Brian Fitzpatrick,R,True,58.7,True,Pennsylvania,01,4203825.0,4272135.0
Christina Finello,D,False,41.3,False,Pennsylvania,01,2336814.0,2329748.0
Brendan Boyle,D,True,65.1,True,Pennsylvania,02,1556650.0,756317.0
Dwight Evans,D,True,87.5,True,Pennsylvania,03,942386.0,781265.0
Madeleine Dean,D,True,56.0,True,Pennsylvania,04,1435995.0,1005928.0
Kathy Barnette,R,False,44.0,False,Pennsylvania,04,1000389.0,884640.0
Joe Tarshish,I,False,0,False,Pennsylvania,04,24038.0,23738.0
Mary Gay Scanlon,D,True,60.3,True,Pennsylvania,05,1455042.0,1350276.0
Dasha Pruett,R,False,39.7,False,Pennsylvania,05,105146.0,82437.0
Chrissy Houlahan,D,True,54.7,True,Pennsylvania,06,3484484.0,1327283.0
John Emmons,R,False,45.3,False,Pennsylvania,06,608859.0,601390.0
John McHugh,I,False,0,False,Pennsylvania,06,6165.0,4410.0
Susan Wild,D,True,51.7,True,Pennsylvania,07,4581056.0,4528267.0
Matt Cartwright,D,True,51.7,True,Pennsylvania,08,3885136.0,4144070.0
Jim Bognet,R,False,48.3,False,Pennsylvania,08,1519527.0,1386040.0
Dan Meuser,R,True,68.2,True,Pennsylvania,09,1071961.0,944010.0
Gary Wegman,D,False,31.8,False,Pennsylvania,09,188787.0,187348.0
Scott Perry,R,True,53.4,False,Pennsylvania,10,3956481.0,3839197.0
Eugene DePasquale,D,False,46.6,False,Pennsylvania,10,4534580.0,4526684.0
Lloyd Smucker,R,True,69.2,True,Pennsylvania,11,1349318.0,662704.0
Sarah Hammond,D,False,30.8,False,Pennsylvania,11,28733.0,23458.0
Fred Keller,R,True,71.8,True,Pennsylvania,12,1541938.0,1066158.0
Lee Griffin,D,False,28.2,False,Pennsylvania,12,45850.0,44571.0
Liz Terwilliger,L,False,0,False,Pennsylvania,12,6211.0,5937.0
John Joyce,R,True,79.0,True,Pennsylvania,13,1119769.0,461229.0
Todd Rowley,D,False,21.0,False,Pennsylvania,13,60348.0,67527.0
Guy Reschenthaler,R,True,67.8,True,Pennsylvania,14,2250282.0,1580488.0
Bill Marx,D,False,32.2,False,Pennsylvania,14,60403.0,45959.0
Glenn Thompson,R,True,76.3,True,Pennsylvania,15,1700061.0,1839073.0
Mike Kelly,R,True,67.2,True,Pennsylvania,16,2239488.0,1319340.0
Kristy Gnibus,D,False,32.8,False,Pennsylvania,16,584205.0,579453.0
Conor Lamb,D,True,51.1,True,Pennsylvania,17,4063114.0,3448850.0
Sean Parnell,R,False,48.9,False,Pennsylvania,17,3935774.0,3732399.0
Mike Doyle,D,True,64.6,True,Pennsylvania,18,1008711.0,999692.0
Luke Negron,R,False,35.4,False,Pennsylvania,18,57714.0,51666.0
David Cicilline,D,True,70.8,True,Rhode Island,01,1574854.0,1743173.0
Jim Langevin,D,True,58.2,True,Rhode Island,02,1102312.0,1422339.0
Bob Lancia,R,False,41.5,False,Rhode Island,02,55549.0,47877.0
Joe Cunningham,D,True,49.3,False,South Carolina,01,6941746.0,6993962.0
Nancy Mace,R,False,50.6,True,South Carolina,01,5766726.0,5707239.0
Joe Wilson,R,True,55.7,True,South Carolina,02,1648065.0,1723956.0
Adair Boroughs,D,False,42.6,False,South Carolina,02,2510526.0,2507664.0
Jeff Duncan,R,True,71.2,True,South Carolina,03,1509647.0,1271872.0
Hosea Cleveland,D,False,28.7,False,South Carolina,03,43214.0,45107.0
William Timmons,R,True,61.6,True,South Carolina,04,977784.0,982233.0
Kim Nelson,D,False,36.9,False,South Carolina,04,167825.0,167508.0
Ralph Norman,R,True,60.1,True,South Carolina,05,991246.0,859747.0
Moe Brown,D,False,39.9,False,South Carolina,05,480648.0,477295.0
James E Clyburn,D,True,68.2,True,South Carolina,06,3406945.0,2332128.0
Tom Rice,R,True,61.8,True,South Carolina,07,1405738.0,1242208.0
Melissa Watson,D,False,38.1,False,South Carolina,07,147623.0,147623.0
Larry Guy Hammond,L,False,0,False,South Carolina,07,199.0,199.0
Dusty Johnson,R,True,81.8,True,South Dakota,01,1693504.0,699356.0
Diana Harshbarger,R,False,74.8,True,Tennessee,01,2126946.0,1869100.0
Blair Nicole Walsingham,D,False,22.4,False,Tennessee,01,140209.0,134995.0
Tim Burchett,R,True,67.7,True,Tennessee,02,1336276.0,878488.0
Renee Hoyos,D,False,31.0,False,Tennessee,02,812784.0,816793.0
Chuck Fleischmann,R,True,67.3,True,Tennessee,03,1051653.0,381411.0
Meg Gorman,D,False,30.5,False,Tennessee,03,85843.0,77760.0
Scott Desjarlais,R,True,66.7,True,Tennessee,04,331464.0,392499.0
Christopher Hale,D,False,33.3,False,Tennessee,04,308731.0,302996.0
Jim Cooper,D,True,100.0,True,Tennessee,05,936569.0,1332131.0
John Rose,R,True,73.7,True,Tennessee,06,1050429.0,625688.0
Mark Green,R,True,69.9,True,Tennessee,07,1194960.0,935487.0
Kiran Sreepada,D,False,27.3,False,Tennessee,07,206644.0,207191.0
Ronald Brown,I,False,2.2,False,Tennessee,07,1750.0,0.0
Scott Vieira Jr,I,False,0.6,False,Tennessee,07,655.0,1049.0
David Kustoff,R,True,68.5,True,Tennessee,08,1641217.0,999285.0
Erika Stotts Pearson,D,False,29.5,False,Tennessee,08,19070.0,15883.0
Steve Cohen,D,True,77.4,True,Tennessee,09,607570.0,457311.0
Charlotte Bergmann,R,False,20.1,False,Tennessee,09,99147.0,100532.0
Dennis Clark,I,False,1.6,False,Tennessee,09,9991.0,9919.0
Louie Gohmert,R,True,72.6,True,Texas,01,552915.0,580441.0
Hank Gilbert,D,False,27.4,False,Texas,01,968155.0,734411.0
Dan Crenshaw,R,True,55.6,True,Texas,02,19427865.0,17596329.0
Sima Ladjevardian,D,False,42.8,False,Texas,02,3832697.0,3825287.0
Elliott Scheirman,L,False,1.6,False,Texas,02,15374.0,14296.0
Van Taylor,R,True,55.1,True,Texas,03,2655327.0,2825378.0
Helane Seikaly,D,False,42.9,False,Texas,03,1635185.0,1634843.0
Patrick Fallon,R,False,75.1,True,Texas,04,257174.0,95065.0
Tracy Shawn Jones,I,False,0.4,False,Texas,04,13002.0,10595.0
Lance Gooden,R,True,62.0,True,Texas,05,1610327.0,1311983.0
Carolyn Salter,D,False,35.9,False,Texas,05,317848.0,289112.0
Kevin Hale,L,False,2.1,False,Texas,05,18405.0,6508.0
Ron Wright,R,True,52.8,True,Texas,06,912134.0,907693.0
Stephen Daniel,D,False,44.0,False,Texas,06,680402.0,677568.0
Lizzie Fletcher,D,True,50.8,True,Texas,07,6265165.0,6246136.0
Wesley Hunt,R,False,47.5,False,Texas,07,7524064.0,7300122.0
Kevin Brady,R,True,72.5,True,Texas,08,3570477.0,3190447.0
Elizabeth Hernandez,D,False,25.5,False,Texas,08,17227.0,14981.0
Al Green,D,True,75.5,True,Texas,09,460332.0,486155.0
Johnny Teague,R,False,21.6,False,Texas,09,89965.0,88366.0
Michael McCaul,R,True,52.5,True,Texas,10,3856477.0,3910930.0
Mike Siegel,D,False,45.4,False,Texas,10,2873926.0,2829765.0
August Pfluger,R,False,79.7,True,Texas,11,2578540.0,1984134.0
Jon Mark Hogg,D,False,18.3,False,Texas,11,137730.0,135141.0
Kay Granger,R,True,63.7,True,Texas,12,3161288.0,3271815.0
Lisa Welch,D,False,33.0,False,Texas,12,98465.0,98475.0
Trey Holcomb,L,False,3.3,False,Texas,12,967.0,457.0
Ronny Jackson,R,False,79.4,True,Texas,13,2128271.0,1741132.0
Gus Trujillo,D,False,18.5,False,Texas,13,22826.0,18820.0
Randy Weber,R,True,61.6,True,Texas,14,936202.0,924659.0
Adrienne Bell,D,False,38.4,False,Texas,14,244754.0,240934.0
Cyrus Sajna,I,False,0,False,Texas,14,35096.0,34942.0
Michael David Sanchez,I,False,0,False,Texas,14,100.0,12.0
Vicente Gonzalez,D,True,50.5,True,Texas,15,1008381.0,657500.0
Monica De La Cruz,R,False,47.6,False,Texas,15,344893.0,338832.0
Veronica Escobar,D,True,64.7,True,Texas,16,1135549.0,1087693.0
Irene Armendariz-Jackson,R,False,35.3,False,Texas,16,168997.0,153671.0
Pete Sessions,R,False,55.9,True,Texas,17,1447958.0,1658637.0
Rick Kennedy,D,False,40.9,False,Texas,17,200668.0,202096.0
Ted Brown,L,False,3.2,False,Texas,17,3041.0,3041.0
Sheila Jackson Lee,D,True,73.3,True,Texas,18,924480.0,838414.0
Wendell Champion,R,False,23.5,False,Texas,18,305645.0,271278.0
Jodey Arrington,R,True,74.8,True,Texas,19,2497184.0,1932700.0
Tom Watson,D,False,22.9,False,Texas,19,49405.0,60806.0
Joaquin Castro,D,True,64.7,True,Texas,20,674061.0,686934.0
Mauro Garza,R,False,33.1,False,Texas,20,263293.0,240930.0
Chip Roy,R,True,52.0,True,Texas,21,5005639.0,4679362.0
Wendy Davis,D,False,45.4,False,Texas,21,10263486.0,10201874.0
Michael Felts,I,False,0,False,Texas,21,3570.0,1851.0
Sri Kulkarni,D,False,44.6,False,Texas,22,5639061.0,5630098.0
Troy Nehls,R,False,51.5,True,Texas,22,1806655.0,1787448.0
Gina Ortiz Jones,D,False,46.6,False,Texas,23,6755222.0,6842440.0
Tony Gonzales,R,False,50.5,True,Texas,23,2797133.0,2764108.0
Candace Valenzuela,D,False,47.5,False,Texas,24,4886999.0,4875031.0
Beth Van Duyne,R,False,48.8,True,Texas,24,3410852.0,3342442.0
Stephen Kuzmich,I,False,1.2,False,Texas,24,175504.0,201332.0
Mark Bauer,I,False,0.9,False,Texas,24,26342.0,26542.0
Darren Hamilton,L,False,1.6,False,Texas,24,570.0,212.0
Roger Williams,R,True,55.9,True,Texas,25,2435121.0,3347267.0
Julie Oliver,D,False,42.1,False,Texas,25,2190347.0,2176319.0
Michael Burgess,R,True,60.6,True,Texas,26,1806588.0,2081391.0
Carol Iannuzzi,D,False,37.3,False,Texas,26,95937.0,95937.0
Michael Cloud,R,True,63.1,True,Texas,27,1014427.0,829748.0
Ricardo De La Fuente,D,False,34.9,False,Texas,27,312096.0,312096.0
Henry Cuellar,D,True,58.3,True,Texas,28,2655317.0,3650848.0
Sandra Whitten,R,False,39.0,False,Texas,28,24760.0,27354.0
Sylvia Garcia,D,True,71.1,True,Texas,29,818984.0,758382.0
Jaimy Blanco,R,False,27.4,False,Texas,29,4378.0,0.0
Eddie Bernice Johnson,D,True,77.5,True,Texas,30,589096.0,494547.0
Tre Pennie,R,False,18.4,False,Texas,30,311109.0,305446.0
John Carter,R,True,53.4,True,Texas,31,2160187.0,2214487.0
Donna Imam,D,False,44.3,False,Texas,31,1035222.0,1035272.0
Colin Allred,D,True,52.0,True,Texas,32,5667725.0,5611747.0
Genevieve Collins,R,False,45.9,False,Texas,32,5923081.0,5915256.0
Jason Sigmon,I,False,0.7,False,Texas,32,11791.0,11651.0
Marc Veasey,D,True,66.8,True,Texas,33,1621929.0,1613446.0
Fabian Cordova Vasquez,R,False,25.2,False,Texas,33,36692.0,25585.0
Filemon Vela,D,True,55.4,True,Texas,34,983026.0,1024180.0
Rey Gonzalez,R,False,41.8,False,Texas,34,37118.0,37446.0
Lloyd Doggett,D,True,65.4,True,Texas,35,1336576.0,424804.0
Jennifer Sharon,R,False,30.0,False,Texas,35,19011.0,14442.0
Jason Mata,I,False,1.9,False,Texas,35,2632.0,2632.0
Brian Babin,R,True,73.6,True,Texas,36,1345351.0,1297185.0
Brandon Rashad Lewis,D,False,24.3,False,Texas,36,21714.0,12278.0
Blake Moore,R,False,69.6,True,Utah,01,844377.0,816015.0
Darren Parry,D,False,30.5,False,Utah,01,41218.0,40904.0
Chris Stewart,R,True,59.0,True,Utah,02,835139.0,812462.0
John Kael Weston,D,False,36.6,False,Utah,02,344774.0,306872.0
Joe Jarvis,3,False,0,False,Utah,02,22989.0,22989.0
John Curtis,R,True,68.8,True,Utah,03,874311.0,687265.0
Devin Thorpe,D,False,26.8,False,Utah,03,191412.0,190200.0
Thomas G. McNeill,3,False,2.0,False,Utah,03,5516.0,5516.0
Russel Fugal,I,False,0,False,Utah,03,393.0,346.0
Ben McAdams,D,True,46.7,False,Utah,04,5613542.0,5555591.0
Burgess Owens,R,False,47.7,True,Utah,04,5129475.0,5049146.0
Jonia Broderick,3,False,2.1,False,Utah,04,21394.0,21265.0
Peter Welch,D,True,64.4,True,Vermont,01,847320.0,865252.0
Rob Wittman,R,True,58.5,True,Virginia,01,1969785.0,2140375.0
Qasim Rashid,D,False,41.7,False,Virginia,01,1559108.0,1559108.0
Elaine Luria,D,True,51.6,True,Virginia,02,6522276.0,6387474.0
Scott Taylor,R,False,45.8,False,Virginia,02,2452292.0,2446410.0
Bobby Scott,D,True,68.4,True,Virginia,03,873126.0,832419.0
John Collick,R,False,31.4,False,Virginia,03,167146.0,165080.0
Donald McEachin,D,True,61.6,True,Virginia,04,961412.0,963788.0
Leon Benjamin,R,False,38.2,False,Virginia,04,545354.0,523429.0
Cameron Webb,D,False,47.3,False,Virginia,05,5755917.0,5750924.0
Bob Good,R,False,52.4,True,Virginia,05,1373867.0,1323530.0
Ben Cline,R,True,64.6,True,Virginia,06,892955.0,672928.0
Nicholas Betts,D,False,35.3,False,Virginia,06,56190.0,54205.0
Abigail Spanberger,D,True,50.8,True,Virginia,07,8387680.0,7852213.0
Nick Freitas,R,False,49.0,False,Virginia,07,3629431.0,3600108.0
Don Beyer,D,True,75.8,True,Virginia,08,1729482.0,2071906.0
Jeff Jordan,R,False,24.0,False,Virginia,08,96035.0,96035.0
Heerak Christian Kim,I,False,0,False,Virginia,08,2036.0,1921.0
Morgan Griffith,R,True,94.0,True,Virginia,09,873612.0,463916.0
Jennifer Wexton,D,True,56.5,True,Virginia,10,3855331.0,1772250.0
Aliscia Andrews,R,False,43.4,False,Virginia,10,1567598.0,1413145.0
Gerry Connolly,D,True,71.4,True,Virginia,11,1998592.0,1811776.0
Manga Anantatmula,R,False,28.3,False,Virginia,11,282152.0,268326.0
Stevan Porter,L,False,0,False,Virginia,11,533.0,1316.0
Suzan DelBene,D,True,58.6,True,Washington,01,2182985.0,1897162.0
Jeffrey Beeler,R,False,41.3,False,Washington,01,61970.0,62279.0
Rick Larsen,D,True,63.2,True,Washington,02,1275127.0,1219489.0
Tim Hazelo,R,False,36.6,False,Washington,02,49478.0,49322.0
Jaime Herrera Beutler,R,True,56.4,True,Washington,03,4566383.0,4540148.0
Carolyn Long,D,False,43.4,False,Washington,03,4130540.0,4142685.0
Dan Newhouse,R,True,66.3,True,Washington,04,1173464.0,991174.0
Doug McKinley,D,False,33.5,False,Washington,04,57666.0,54227.0
Cathy McMorris Rodgers,R,True,60.9,True,Washington,05,4349448.0,3432572.0
Dave Wilson,D,False,38.9,False,Washington,05,109636.0,109636.0
Derek Kilmer,D,True,59.4,True,Washington,06,2524026.0,2531111.0
Elizabeth Kreiselmaier,R,False,40.4,False,Washington,06,156123.0,145108.0
Pramila Jayapal,D,True,83.0,True,Washington,07,2630000.0,1530626.0
Craig Keller,R,False,16.7,False,Washington,07,2904.0,3703.0
Kim Schrier,D,True,51.7,True,Washington,08,5422491.0,3774398.0
Jesse Jensen,R,False,48.1,False,Washington,08,852396.0,842269.0
Adam Smith,D,True,74.2,True,Washington,09,1324761.0,930710.0
Doug Basler,R,False,25.7,False,Washington,09,22536.0,18328.0
Marilyn Strickland,D,False,49.6,True,Washington,10,1812659.0,1780633.0
Beth Doglio,D,False,35.7,False,Washington,10,1477678.0,1477678.0
David McKinley,R,True,69.0,True,West Virginia,01,1092609.0,1085864.0
Natalie Ms. Cline,D,False,31.0,False,West Virginia,01,81032.0,81881.0
Alex Mooney,R,True,63.1,True,West Virginia,02,2155978.0,864001.0
Catherine Kunkel,D,False,36.9,False,West Virginia,02,641567.0,641567.0
Carol Miller,R,True,71.3,True,West Virginia,03,869210.0,720796.0
Hilary Turner,D,False,28.7,False,West Virginia,03,99214.0,98769.0
Belinda Fox-Spencer,I,False,0,False,West Virginia,03,5207.0,5207.0
Bryan Steil,R,True,59.4,True,Wisconsin,01,3500849.0,3151701.0
Roger Polack,D,False,40.7,False,Wisconsin,01,536228.0,526431.0
Mark Pocan,D,True,69.7,True,Wisconsin,02,1290582.0,1014628.0
Peter Theron,R,False,30.3,False,Wisconsin,02,35753.0,33977.0
Ron Kind,D,True,51.4,True,Wisconsin,03,2989262.0,4435403.0
Derrick Van Orden,R,False,48.6,False,Wisconsin,03,1962443.0,1948639.0
Gwen Moore,D,True,74.7,True,Wisconsin,04,1183995.0,1166739.0
Scott Fitzgerald,R,False,60.2,True,Wisconsin,05,1155721.0,968406.0
Tom Palzewicz,D,False,39.9,False,Wisconsin,05,370392.0,371799.0
Glenn Grothman,R,True,59.3,True,Wisconsin,06,1815756.0,1736659.0
Jessica King,D,False,40.7,False,Wisconsin,06,287753.0,245788.0
Tom Tiffany,R,True,60.8,True,Wisconsin,07,2637459.0,2514740.0
Tricia Zunker,D,False,39.2,False,Wisconsin,07,1261957.0,1232690.0
Mike Gallagher,R,True,64.0,True,Wisconsin,08,3202905.0,2841801.0
Amanda Stuck,D,False,36.0,False,Wisconsin,08,416978.0,399916.0
Liz Cheney,R,True,68.6,True,Wyoming,01,3003883.0,3060167.0
Lynnette Grey Bull,D,False,24.6,False,Wyoming,01,134597.0,132235.0
