candidate_name,party,incumbent,winner,perc_vote,money_raised,money_spent,state_name,district,state_dist,perc_vote_max,winner_bool
Jerry Carl,R,0,1,64.9,1971321,1859349,AL,01,AL01,64.9,1
James Averhart,D,0,0,35.0,80095,78973,AL,01,AL01,64.9,0
Barry Moore,R,0,1,65.3,650807,669368,AL,02,AL02,65.3,1
Phyllis Harvey-Hall,D,0,0,34.6,56050,55988,AL,02,AL02,65.3,0
Mike D Rogers,R,1,1,67.5,1193111,1218564,AL,03,AL03,67.5,1
Adia Winfrey,D,0,0,32.4,50273,40971,AL,03,AL03,67.5,0
Robert B Aderholt,R,1,1,82.5,1255076,1323812,AL,04,AL04,82.5,1
Mo Brooks,R,1,1,95.8,655365,210045,AL,05,AL05,95.8,1
Gary Palmer,R,1,1,97.1,907219,909082,AL,06,AL06,97.1,1
Terri Sewell,D,1,1,97.2,2168165,1495957,AL,07,AL07,97.2,1
Don Young,R,1,1,54.4,1922901,1790448,AK,01,AK01,54.4,1
Alyse Galvin,I,0,0,45.3,5178452,5088103,AK,01,AK01,54.4,0
Tom OHalleran,D,1,1,51.6,3381353,3324138,AZ,01,AZ01,51.6,1
Tiffany Shedd,R,0,0,48.4,1675618,1615704,AZ,01,AZ01,51.6,0
Ann Kirkpatrick,D,1,1,55.1,1849862,1384765,AZ,02,AZ02,55.1,1
Brandon Martin,R,0,0,44.9,374821,381067,AZ,02,AZ02,55.1,0
Raul M Grijalva,D,1,1,64.6,843560,655507,AZ,03,AZ03,64.6,1
Daniel Wood,R,0,0,35.4,41422,41962,AZ,03,AZ03,64.6,0
Paul Gosar,R,1,1,69.8,622151,729892,AZ,04,AZ04,69.8,1
Delina DiSanto,D,0,0,30.2,77168,79758,AZ,04,AZ04,69.8,0
Andy Biggs,R,1,1,58.9,1602181,1236380,AZ,05,AZ05,58.9,1
Joan Greene,D,0,0,41.1,356069,209789,AZ,05,AZ05,58.9,0
David Schweikert,R,1,1,52.2,2265329,2249979,AZ,06,AZ06,52.2,1
Hiral Tipirneni,D,0,0,47.8,6301073,6366702,AZ,06,AZ06,52.2,0
Tom Lewellen,I,0,0,0.0,11685,11000,AZ,06,AZ06,52.2,0
Ruben Gallego,D,1,1,76.7,1811754,1653961,AZ,07,AZ07,76.7,1
Josh Barnett,R,0,0,23.3,28093,17883,AZ,07,AZ07,76.7,0
Debbie Lesko,R,1,1,59.6,1605245,987453,AZ,08,AZ08,59.6,1
Michael Muscato,D,0,0,40.4,357906,347734,AZ,08,AZ08,59.6,0
Greg Stanton,D,1,1,61.6,2001619,1001350,AZ,09,AZ09,61.6,1
Dave Giles,R,0,0,38.4,130480,129935,AZ,09,AZ09,61.6,0
Rick Crawford,R,1,1,100.0,966801,1095518,AR,01,AR01,100.0,1
French Hill,R,1,1,55.4,3384490,3020491,AR,02,AR02,55.4,1
Joyce Elliott,D,0,0,44.6,3482463,3478733,AR,02,AR02,55.4,0
Steve Womack,R,1,1,64.3,1127158,923120,AR,03,AR03,64.3,1
Celeste Williams,D,0,0,31.8,355294,355294,AR,03,AR03,64.3,0
Bruce Westerman,R,1,1,69.7,1407770,1102573,AR,04,AR04,69.7,1
William Hanson,D,0,0,27.5,109767,111683,AR,04,AR04,69.7,0
Doug LaMalfa,R,1,1,56.9,1219556,1155945,CA,01,CA01,56.9,1
Audrey Denney,D,0,0,43.1,2461769,2457661,CA,01,CA01,56.9,0
Jared Huffman,D,1,1,75.7,899419,797753,CA,02,CA02,75.7,1
Dale Mensing,R,0,0,24.3,5921,2197,CA,02,CA02,75.7,0
John Garamendi,D,1,1,54.7,1054066,667320,CA,03,CA03,54.7,1
Tamika Hamilton,R,0,0,45.3,397099,384584,CA,03,CA03,54.7,0
Tom McClintock,R,1,1,55.9,2053363,2107248,CA,04,CA04,55.9,1
Brynne Kennedy,D,0,0,44.1,3006020,3002532,CA,04,CA04,55.9,0
Mike Thompson,D,1,1,76.8,2208136,2022751,CA,05,CA05,76.8,1
Doris Matsui,D,1,1,73.4,1019605,1073529,CA,06,CA06,73.4,1
Chris Bish,R,0,0,26.6,44772,44554,CA,06,CA06,73.4,0
Ami Bera,D,1,1,56.6,1757748,1053444,CA,07,CA07,56.6,1
Buzz Patterson,R,0,0,43.4,43876,29614,CA,07,CA07,56.6,0
Jay Obernolte,R,0,1,56.1,1861647,1792064,CA,08,CA08,56.1,1
Chris Bubser,D,0,0,43.9,1858001,1856613,CA,08,CA08,56.1,0
Jerry McNerney,D,1,1,57.6,1177959,1112543,CA,09,CA09,57.6,1
Tony Amador,R,0,0,42.4,52175,52175,CA,09,CA09,57.6,0
Josh Harder,D,1,1,55.2,7400135,3950613,CA,10,CA10,55.2,1
Ted Howze,R,0,0,44.8,1426552,1721882,CA,10,CA10,55.2,0
Mark Desaulnier,D,1,1,73.0,610394,440537,CA,11,CA11,73.0,1
Nisha Sharma,R,0,0,27.0,174954,171870,CA,11,CA11,73.0,0
Nancy Pelosi,D,1,1,77.6,27359508,22064953,CA,12,CA12,77.6,1
Shahid Buttar,D,0,0,22.4,1672876,1650467,CA,12,CA12,77.6,0
Barbara Lee,D,1,1,90.4,1828213,1750142,CA,13,CA13,90.4,1
Nikka Piterman,R,0,0,9.6,9839,9904,CA,13,CA13,90.4,0
Jackie Speier,D,1,1,79.3,942934,919599,CA,14,CA14,79.3,1
Eric Swalwell,D,1,1,70.9,2807774,3977839,CA,15,CA15,70.9,1
Jim Costa,D,1,1,59.3,2135525,1835244,CA,16,CA16,59.3,1
Kevin Cookingham,R,0,0,40.7,265364,265364,CA,16,CA16,59.3,0
Ro Khanna,D,1,1,71.3,3837982,2455457,CA,17,CA17,71.3,1
Ritesh Tandon,R,0,0,28.7,175536,175015,CA,17,CA17,71.3,0
Anna Eshoo,D,1,1,63.2,2114909,2059158,CA,18,CA18,63.2,1
Rishi Kumar,D,0,0,36.8,674383,691938,CA,18,CA18,63.2,0
Zoe Lofgren,D,1,1,71.7,1755555,1731700,CA,19,CA19,71.7,1
Justin Aguilera,R,0,0,28.3,9112,11542,CA,19,CA19,71.7,0
Jimmy Panetta,D,1,1,76.8,2009894,1592671,CA,20,CA20,76.8,1
Jeff Gorman,R,0,0,23.2,67634,64947,CA,20,CA20,76.8,0
TJ Cox,D,1,0,49.6,5695157,5694005,CA,21,CA21,50.4,0
David Valadao,R,0,1,50.4,4067880,3982587,CA,21,CA21,50.4,1
Devin Nunes,R,1,1,54.2,26825212,20156093,CA,22,CA22,54.2,1
Phil Arballo,D,0,0,45.8,5091451,5062185,CA,22,CA22,54.2,0
Kevin McCarthy,R,1,1,62.1,27780644,24265583,CA,23,CA23,62.1,1
Kim Mangone,D,0,0,37.9,1671101,1665373,CA,23,CA23,62.1,0
Salud Carbajal,D,1,1,58.7,2117836,1451622,CA,24,CA24,58.7,1
Andy Caldwell,R,0,0,41.3,1298798,1268199,CA,24,CA24,58.7,0
Mike Garcia,R,1,1,50.0,9962507,9584648,CA,25,CA25,50.0,1
Christy Smith,D,0,0,50.0,5977734,5808477,CA,25,CA25,50.0,0
Julia Brownley,D,1,1,60.6,1976695,1314677,CA,26,CA26,60.6,1
Ronda Kennedy,R,0,0,39.4,246226,67208,CA,26,CA26,60.6,0
Judy Chu,D,1,1,69.8,1213706,956298,CA,27,CA27,69.8,1
Johnny Nalbandian,R,0,0,30.2,39584,39159,CA,27,CA27,69.8,0
Adam Schiff,D,1,1,72.7,19382855,10188664,CA,28,CA28,72.7,1
Eric Early,R,0,0,27.3,4085322,3790027,CA,28,CA28,72.7,0
Tony Cardenas,D,1,1,56.6,1419697,1213588,CA,29,CA29,56.6,1
Angelica Duenas,3,0,0,43.4,78083,76627,CA,29,CA29,56.6,0
Brad Sherman,D,1,1,69.5,1513374,1111826,CA,30,CA30,69.5,1
Pete Aguilar,D,1,1,61.3,2475748,1861434,CA,31,CA31,61.3,1
Agnes Gibboney,R,0,0,38.7,138687,127907,CA,31,CA31,61.3,0
Grace Napolitano,D,1,1,66.6,478426,251047,CA,32,CA32,66.6,1
Joshua Scott,R,0,0,33.4,23624,14248,CA,32,CA32,66.6,0
Ted Lieu,D,1,1,67.6,1661436,1582573,CA,33,CA33,67.6,1
James Bradley,R,0,0,32.4,78910,79035,CA,33,CA33,67.6,0
Jimmy Gomez,D,1,1,53.0,1401166,1268312,CA,34,CA34,53.0,1
David Kim,D,0,0,47.0,193430,80381,CA,34,CA34,53.0,0
Norma Torres,D,1,1,69.3,654727,664600,CA,35,CA35,69.3,1
Mike Cargile,R,0,0,30.7,36113,35915,CA,35,CA35,69.3,0
Raul Ruiz,D,1,1,60.3,2402624,1732443,CA,36,CA36,60.3,1
Erin Cruz,R,0,0,39.7,54217,53840,CA,36,CA36,60.3,0
Karen Bass,D,1,1,85.9,2216467,1202942,CA,37,CA37,85.9,1
Errol Webber,R,0,0,14.1,66398,174076,CA,37,CA37,85.9,0
Linda Sanchez,D,1,1,74.3,1246008,1140165,CA,38,CA38,74.3,1
Gil Cisneros,D,1,0,49.4,4370133,4350464,CA,39,CA39,50.6,0
Young Kim,R,0,1,50.6,6424556,6021651,CA,39,CA39,50.6,1
Lucille RoybalAllard,D,1,1,72.7,739790,741379,CA,40,CA40,72.7,1
Antonio Delgado,R,0,0,27.3,85014,79270,CA,40,CA40,72.7,0
Mark Takano,D,1,1,64.0,1020456,949494,CA,41,CA41,64.0,1
Aja Smith,R,0,0,36.0,660658,659909,CA,41,CA41,64.0,0
Ken Calvert,R,1,1,57.1,1441812,1549113,CA,42,CA42,57.1,1
Liam O'Mara,D,0,0,42.9,130065,128782,CA,42,CA42,57.1,0
Maxine Waters,D,1,1,71.7,1836660,1906957,CA,43,CA43,71.7,1
Joe Collins,R,0,0,28.3,10556626,9921103,CA,43,CA43,71.7,0
Nanette Barragan,D,1,1,67.8,1173909,714023,CA,44,CA44,67.8,1
Katie Porter,D,1,1,53.5,16627706,6443700,CA,45,CA45,53.5,1
Greg Raths,R,0,0,46.5,1245767,1241713,CA,45,CA45,53.5,0
Lou Correa,D,1,1,68.8,1192715,650707,CA,46,CA46,68.8,1
Alan Lowenthal,D,1,1,63.3,678648,854902,CA,47,CA47,63.3,1
John Briscoe,R,0,0,36.7,25302,21538,CA,47,CA47,63.3,0
Harley Rouda,D,1,0,48.9,5968858,6174443,CA,48,CA48,51.1,0
Michelle Steel,R,0,1,51.1,6305665,6148591,CA,48,CA48,51.1,1
Mike Levin,D,1,1,53.1,3845768,2901566,CA,49,CA49,53.1,1
Brian Maryott,R,0,0,46.9,2810253,2808217,CA,49,CA49,53.1,0
Darrell Issa,R,0,1,54.0,11239670,10947106,CA,50,CA50,54.0,1
Ammar Campa-Najjar,D,0,0,46.0,6248210,6247762,CA,50,CA50,54.0,0
Juan Vargas,D,1,1,68.3,799734,801671,CA,51,CA51,68.3,1
Juan Hidalgo,R,0,0,31.7,83730,81182,CA,51,CA51,68.3,0
Scott Peters,D,1,1,61.6,1911791,2131849,CA,52,CA52,61.6,1
James Debello,R,0,0,38.4,233464,224630,CA,52,CA52,61.6,0
Sara Jacobs,D,0,1,59.5,7678363,7586186,CA,53,CA53,59.5,1
Georgette Gomez,D,0,0,40.5,1691794,1663252,CA,53,CA53,59.5,0
Diana DeGette,D,1,1,73.7,1201026,1077130,CO,01,CO01,73.7,1
Joseph Neguse,D,1,1,61.5,1353325,674602,CO,02,CO02,61.5,1
Charles Winn,R,0,0,35.4,98338,98338,CO,02,CO02,61.5,0
Alex Johnson,I,0,0,0.0,4782,4093,CO,02,CO02,61.5,0
Diane Mitsch Bush,D,0,0,45.2,5008274,4984238,CO,03,CO03,51.4,0
Lauren Boebert,R,0,1,51.4,2989510,2632716,CO,03,CO03,51.4,1
Chris Milton,3,0,0,1.0,12012,12012,CO,03,CO03,51.4,0
Ken Buck,R,1,1,60.1,478984,539393,CO,04,CO04,60.1,1
Ike McCorkle,D,0,0,36.1,369871,217398,CO,04,CO04,60.1,0
Doug Lamborn,R,1,1,57.6,540712,329011,CO,05,CO05,57.6,1
Jillian Freeland,D,0,0,37.4,185255,175548,CO,05,CO05,57.6,0
Rebecca Keltie,3,0,0,0.8,2552,1495,CO,05,CO05,57.6,0
Jason Crow,D,1,1,57.1,4136137,2892443,CO,06,CO06,57.1,1
Steven House,R,0,0,40.0,1200056,1198044,CO,06,CO06,57.1,0
Jaimie Kulikowski,3,0,0,0.9,72293,110645,CO,06,CO06,57.1,0
Ed Perlmutter,D,1,1,59.1,1632262,1339482,CO,07,CO07,59.1,1
Casper Stockham,R,0,0,37.6,147872,147872,CO,07,CO07,59.1,0
Anthony Malgieri,I,0,0,0.0,1930,1958,CO,07,CO07,59.1,0
John Larson,D,1,1,63.7,1377238,1323690,CT,01,CT01,63.7,1
Mary Fay,R,0,0,35.0,26836,25118,CT,01,CT01,63.7,0
Joe Courtney,D,1,1,59.4,964731,999360,CT,02,CT02,59.4,1
Justin Anderson,R,0,0,38.2,80227,78767,CT,02,CT02,59.4,0
Rosa DeLauro,D,1,1,58.7,1938999,1795635,CT,03,CT03,58.7,1
Margaret Streicker,R,0,0,39.8,1839080,1835385,CT,03,CT03,58.7,0
Justin Paglino,3,0,0,1.5,29200,28670,CT,03,CT03,58.7,0
Jim Himes,D,1,1,62.3,1612935,2180029,CT,04,CT04,62.3,1
Jonathan Riddle,R,0,0,36.2,31591,17385,CT,04,CT04,62.3,0
Jahana Hayes,D,1,1,55.1,2037826,1564685,CT,05,CT05,55.1,1
David Sullivan,R,0,0,43.5,397395,397370,CT,05,CT05,55.1,0
Lisa Blunt Rochester,D,1,1,57.6,2024201,1305618,DE,01,DE01,57.6,1
Lee Murphy,R,0,0,40.2,131394,131862,DE,01,DE01,57.6,0
Catherine Purcell,I,0,0,1.4,5344,5103,DE,01,DE01,57.6,0
Matt Gaetz,R,1,1,64.6,5946646,4482782,FL,01,FL01,64.6,1
Phil Ehr,D,0,0,34.0,2025099,1900451,FL,01,FL01,64.6,0
Bert Oram,I,0,0,1.4,8108,7070,FL,01,FL01,64.6,0
Neal Dunn,R,1,1,98.0,653488,637580,FL,02,FL02,98.0,1
Kristy Thripp,I,0,0,0.0,145,145,FL,02,FL02,98.0,0
Kat Cammack,R,0,1,57.1,1122188,1090334,FL,03,FL03,57.1,1
Adam Christensen,D,0,0,42.9,216021,219108,FL,03,FL03,57.1,0
John Rutherford,R,1,1,61.1,1024912,1283701,FL,04,FL04,61.1,1
Donna Deegan,D,0,0,38.9,1013157,1013157,FL,04,FL04,61.1,0
Al Lawson,D,1,1,65.1,848498,695779,FL,05,FL05,65.1,1
Gary Adler,R,0,0,34.9,146909,146909,FL,05,FL05,65.1,0
Michael Waltz,R,1,1,60.6,2549667,1716768,FL,06,FL06,60.6,1
Clint Curtis,D,0,0,39.4,24310,22251,FL,06,FL06,60.6,0
Gerry Nolan,I,0,0,0.0,4467,5256,FL,06,FL06,60.6,0
Stephanie Murphy,D,1,1,55.3,3124692,1798549,FL,07,FL07,55.3,1
Leo Valentin,R,0,0,43.2,1045426,1031316,FL,07,FL07,55.3,0
Bill Garlington,I,0,0,1.4,11000,0,FL,07,FL07,55.3,0
Bill Posey,R,1,1,61.4,985268,1121834,FL,08,FL08,61.4,1
James Kennedy,D,0,0,38.6,138568,138790,FL,08,FL08,61.4,0
Darren Soto,D,1,1,56.0,1111750,945868,FL,09,FL09,56.0,1
William Olson,R,0,0,44.0,404406,401088,FL,09,FL09,56.0,0
Val Demings,D,1,1,63.6,1876047,1191020,FL,10,FL10,63.6,1
Vennia Francois,R,0,0,36.4,335480,332852,FL,10,FL10,63.6,0
Kristofer Steven Lawson,I,0,0,0.0,47,47,FL,10,FL10,63.6,0
Daniel Webster,R,1,1,66.7,691261,586965,FL,11,FL11,66.7,1
Dana Cottrell,D,0,0,33.3,62658,62380,FL,11,FL11,66.7,0
Gus Bilirakis,R,1,1,62.9,1604137,1548634,FL,12,FL12,62.9,1
Kim Walker,D,0,0,37.1,42802,33544,FL,12,FL12,62.9,0
Charlie Crist,D,1,1,53.0,2720646,3980695,FL,13,FL13,53.0,1
Anna Paulina Luna,R,0,0,47.0,3302944,3262236,FL,13,FL13,53.0,0
Kathy Castor,D,1,1,60.3,884651,1201653,FL,14,FL14,60.3,1
Christine Quinn,R,0,0,39.7,242144,241187,FL,14,FL14,60.3,0
Alan Cohn,D,0,0,44.6,2333053,2300197,FL,15,FL15,55.4,0
Scott Franklin,R,0,1,55.4,1663898,1638417,FL,15,FL15,55.4,1
Vernon Buchanan,R,1,1,55.5,3094611,3100766,FL,16,FL16,55.5,1
Margaret Good,D,0,0,44.5,3411924,3407845,FL,16,FL16,55.5,0
Greg Steube,R,1,1,64.6,759908,621200,FL,17,FL17,64.6,1
Allen Ellison,D,0,0,34.1,83481,78243,FL,17,FL17,64.6,0
Brian Mast,R,1,1,56.4,6128177,5301307,FL,18,FL18,56.4,1
Pam Keith,D,0,0,41.5,1639873,1632736,FL,18,FL18,56.4,0
Byron Donalds,R,0,1,61.3,3219579,2738685,FL,19,FL19,61.3,1
Cindy Banyai,D,0,0,38.7,214750,203430,FL,19,FL19,61.3,0
Alcee Hastings,D,1,1,78.7,607649,543316,FL,20,FL20,78.7,1
Greg Musselwhite,R,0,0,21.3,28955,27538,FL,20,FL20,78.7,0
Lois Frankel,D,1,1,59.0,1534882,1309786,FL,21,FL21,59.0,1
Laura Loomer,R,0,0,39.1,2271604,2240689,FL,21,FL21,59.0,0
Charleston Malkemus,I,0,0,1.9,28928,28636,FL,21,FL21,59.0,0
Ted Deutch,D,1,1,58.6,1364438,1265494,FL,22,FL22,58.6,1
Jim Pruden,R,0,0,41.4,278416,278416,FL,22,FL22,58.6,0
Debbie Wasserman Schultz,D,1,1,58.2,2191922,1979903,FL,23,FL23,58.2,1
Carla Spalding,R,0,0,41.8,919579,903561,FL,23,FL23,58.2,0
Frederica Wilson,D,1,1,75.6,412592,321019,FL,24,FL24,75.6,1
Lavern Spicer,R,0,0,20.4,34973,34909,FL,24,FL24,75.6,0
Christine Olivo,I,0,0,4.0,31646,32898,FL,24,FL24,75.6,0
Mario DiazBalart,R,1,1,100.0,1590134,804054,FL,25,FL25,100.0,1
Debbie MucarselPowell,D,1,0,48.3,6793521,6822740,FL,26,FL26,51.7,0
Carlos Gimenez,R,0,1,51.7,2226559,2187389,FL,26,FL26,51.7,1
Donna Shalala,D,1,0,48.6,3842907,3735966,FL,27,FL27,51.4,0
Maria Salazar,R,0,1,51.4,3654190,3645814,FL,27,FL27,51.4,1
Frank Polo,I,0,0,0.0,4606,4662,FL,27,FL27,51.4,0
Buddy Carter,R,1,1,58.4,2315487,1734754,GA,01,GA01,58.4,1
Joyce Griggs,D,0,0,41.7,130043,125000,GA,01,GA01,58.4,0
Sanford Bishop,D,1,1,59.1,1540683,1440571,GA,02,GA02,59.1,1
Don Cole,R,0,0,40.9,164274,162522,GA,02,GA02,59.1,0
Drew Ferguson,R,1,1,65.0,2374212,2150911,GA,03,GA03,65.0,1
Val Almonord,D,0,0,35.0,35762,31946,GA,03,GA03,65.0,0
Hank Johnson,D,1,1,80.1,628303,490360,GA,04,GA04,80.1,1
Johsira C. Cruz,R,0,0,19.9,12954,23146,GA,04,GA04,80.1,0
Nikema Williams,D,0,1,85.2,553964,362801,GA,05,GA05,85.2,1
Robert Franklin,D,0,0,0.0,360473,358394,GA,05,GA05,85.2,0
Angela Stanton-King,R,0,0,14.9,305279,301338,GA,05,GA05,85.2,0
Kwanza Hall,D,0,0,0.0,239597,227091,GA,05,GA05,85.2,0
Barrington Martin II,D,0,0,0.0,16522,16517,GA,05,GA05,85.2,0
Chase Oliver,L,0,0,0.0,9225,5220,GA,05,GA05,85.2,0
Steven Muhammad,I,0,0,0.0,3497,4965,GA,05,GA05,85.2,0
Keisha Waites,D,0,0,0.0,875,0,GA,05,GA05,85.2,0
Lucy McBath,D,1,1,54.6,8507298,8586054,GA,06,GA06,54.6,1
Karen Handel,R,0,0,45.4,3026243,3072932,GA,06,GA06,54.6,0
Carolyn Bourdeaux,D,0,1,54.4,5133244,5161230,GA,07,GA07,54.4,1
Richard McCormick,R,0,0,48.6,2595446,2563724,GA,07,GA07,54.4,0
Austin Scott,R,1,1,64.5,821745,716159,GA,08,GA08,64.5,1
Jimmy Cooper,3,0,0,0.0,8542,8528,GA,08,GA08,64.5,0
Lindsay Holliday,D,0,0,35.5,7480,5220,GA,08,GA08,64.5,0
Andrew Clyde,R,0,1,78.6,1569425,1561316,GA,09,GA09,78.6,1
Devin Pandy,D,0,0,21.4,84272,84623,GA,09,GA09,78.6,0
Jody Hice,R,1,1,62.3,595947,457648,GA,10,GA10,62.3,1
Tabitha Johnson-Green,D,0,0,37.7,14808,12214,GA,10,GA10,62.3,0
Barry Loudermilk,R,1,1,60.4,877767,700851,GA,11,GA11,60.4,1
Dana Barrett,D,0,0,39.6,404625,394977,GA,11,GA11,60.4,0
Richard W Allen,R,1,1,58.4,1228970,662818,GA,12,GA12,58.4,1
Liz Johnson,D,0,0,41.6,72061,72061,GA,12,GA12,58.4,0
David Scott,D,1,1,77.4,1209614,1131746,GA,13,GA13,77.4,1
Becky Hites,R,0,0,22.6,63509,62935,GA,13,GA13,77.4,0
Martin Cowen,L,0,0,0.0,13460,13464,GA,13,GA13,77.4,0
Marjorie Taylor Greene,R,0,1,74.8,2596914,2237599,GA,14,GA14,74.8,1
Ed Case,D,1,0,64.7,508249,472569,HI,01,HI01,64.7,1
Ron Curtis,R,0,0,25.1,12538,12647,HI,01,HI01,64.7,0
Kai Kahele,D,0,1,57.9,1235523,1039637,HI,02,HI02,57.9,1
Joe Akana,R,0,0,28.3,54534,55344,HI,02,HI02,57.9,0
Jonathan Hoomanawanui,3,0,0,2.2,1883,1522,HI,02,HI02,57.9,0
Russ Fulcher,R,1,1,67.8,575485,508457,ID,01,ID01,67.8,1
Rudy Soto,D,0,0,28.7,302902,302902,ID,01,ID01,67.8,0
Mike Simpson,R,1,1,64.1,1008847,1099604,ID,02,ID02,64.1,1
Aaron Swisher,D,0,0,31.7,70674,70268,ID,02,ID02,64.1,0
Bobby Rush,D,1,1,73.8,541435,496454,IL,01,IL01,73.8,1
Philanise White,R,0,0,26.2,6289,5048,IL,01,IL01,73.8,0
Robin Kelly,D,1,1,78.8,1634783,1108137,IL,02,IL02,78.8,1
Marie Newman,D,0,1,56.4,2802093,2699323,IL,03,IL03,56.4,1
Mike Fricilone,R,0,0,43.6,128458,127980,IL,03,IL03,56.4,0
Jesus Garcia,D,1,1,16.0,822846,711159,IL,04,IL04,84.0,0
Jesus Solorio Jr,R,0,0,84.0,2065,843,IL,04,IL04,84.0,1
Mike Quigley,D,1,1,70.8,1171507,926655,IL,05,IL05,70.8,1
Sean Casten,D,1,1,52.8,5582179,5313570,IL,06,IL06,52.8,1
Jeanne Ives,R,0,0,45.4,3157771,3135464,IL,06,IL06,52.8,0
Bill Redpath,L,0,0,1.7,9837,9837,IL,06,IL06,52.8,0
Danny K Davis,D,1,1,80.4,544690,505506,IL,07,IL07,80.4,1
Tracy Jennings,3,0,0,6.2,65283,65283,IL,07,IL07,80.4,0
Raja Krishnamoorthi,D,1,1,73.2,6358878,2207703,IL,08,IL08,73.2,1
Jan Schakowsky,D,1,1,71.0,1834801,1514838,IL,09,IL09,71.0,1
Sargis Sangari,R,0,0,29.0,35364,34715,IL,09,IL09,71.0,0
Brad Schneider,D,1,1,63.8,3459512,2873333,IL,10,IL10,63.8,1
Valerie Ramirez Mukherjee,R,0,0,36.2,130225,64764,IL,10,IL10,63.8,0
Bill Foster,D,1,1,63.3,2381354,1823906,IL,11,IL11,63.3,1
Rick Laib,R,0,0,36.7,20343,20064,IL,11,IL11,63.3,0
Mike Bost,R,1,1,60.6,1918041,1509573,IL,12,IL12,60.6,1
Ray Lenzi,D,0,0,39.4,161324,104809,IL,12,IL12,60.6,0
Rodney Davis,R,1,1,54.4,4943459,4822600,IL,13,IL13,54.4,1
Betsy Dirksen Londrigan,D,0,0,45.6,5297007,5281880,IL,13,IL13,54.4,0
Lauren A Underwood,D,1,1,50.7,7803579,7301503,IL,14,IL14,50.7,1
Jim Oberweis,R,0,0,49.3,2438857,2348798,IL,14,IL14,50.7,0
Mary Miller,R,0,1,73.5,689057,570356,IL,15,IL15,73.5,1
Erika Weaver,D,0,0,26.5,58689,23349,IL,15,IL15,73.5,0
Adam Kinzinger,R,1,1,64.8,2105736,1588550,IL,16,IL16,64.8,1
Dani Brzozowski,D,0,0,35.2,459344,376167,IL,16,IL16,64.8,0
Cheri Bustos,D,1,1,52.0,4975192,6391009,IL,17,IL17,52.0,1
Esther Joy King,R,0,0,48.0,2032878,2030587,IL,17,IL17,52.0,0
Darin LaHood,R,1,1,70.5,3248113,1749128,IL,18,IL18,70.5,1
Frank Mrvan Jr,D,0,1,56.6,578635,464407,IN,01,IN01,56.6,1
Mark Leyva,R,0,0,40.4,16551,15343,IN,01,IN01,56.6,0
Jackie Walorski,R,1,1,61.5,2383467,1698202,IN,02,IN02,61.5,1
Pat Hackett,D,0,0,38.5,881888,867301,IN,02,IN02,61.5,0
Jim Banks,R,1,1,67.8,1202509,769591,IN,03,IN03,67.8,1
Chip Coldiron,D,0,0,32.2,94056,89883,IN,03,IN03,67.8,0
Jim Baird,R,1,1,66.6,327727,190158,IN,04,IN04,66.6,1
Joe Mackey,D,0,0,33.4,44585,43213,IN,04,IN04,66.6,0
Christina Hale,D,0,0,45.9,4010368,3998905,IN,05,IN05,50.0,0
Victoria Spartz,R,0,1,50.0,3119328,3010203,IN,05,IN05,50.0,1
Greg Pence,R,1,1,68.7,3114448,2804148,IN,06,IN06,68.7,1
Jeannine Lee Lake,D,0,0,27.7,143089,145315,IN,06,IN06,68.7,0
Andre Carson,D,1,1,62.4,1011635,873962,IN,07,IN07,62.4,1
Susan Marie Smith,R,0,0,37.6,62905,59843,IN,07,IN07,62.4,0
Larry Bucshon,R,1,1,66.9,1051336,1078646,IN,08,IN08,66.9,1
Thomasina Marsili,D,0,0,29.8,68734,68480,IN,08,IN08,66.9,0
Trey Hollingsworth,R,1,1,60.9,1166754,501136,IN,09,IN09,60.9,1
Andy Ruff,D,0,0,34.8,148263,134906,IN,09,IN09,60.9,0
Tonya Millis,L,0,0,4.3,10224,10041,IN,09,IN09,60.9,0
Abby Finkenauer,D,1,0,48.7,5901441,5875405,IA,01,IA01,51.3,0
Ashley Hinson,R,0,1,51.3,5175883,5059211,IA,01,IA01,51.3,1
Rita Hart,D,0,0,50.0,4232992,4114400,IA,02,IA02,50.0,0
Mariannette Miller-Meeks,R,0,1,50.0,2174194,1721926,IA,02,IA02,50.0,1
Cindy Axne,D,1,1,49.0,6236976,6236994,IA,03,IA03,49.0,1
David Young,R,0,0,47.6,3170072,3094582,IA,03,IA03,49.0,0
J.D. Scholten,D,0,0,62.1,2885915,2902003,IA,04,IA04,62.1,1
Randy Feenstra,R,0,1,37.9,1906234,1894288,IA,04,IA04,62.1,0
Tracey Mann,R,0,1,71.4,1403353,1127156,KS,01,KS01,71.4,1
Kali Barnett,D,0,0,28.6,603036,592924,KS,01,KS01,71.4,0
Michelle De La Isla,D,0,0,40.5,1825085,1810968,KS,02,KS02,55.3,0
Jake Laturner,R,0,1,55.3,1593407,1578460,KS,02,KS02,55.3,1
Sharice Davids,D,1,1,53.4,5638552,5168034,KS,03,KS03,53.4,1
Amanda Adkins,R,0,0,43.8,2182382,2139673,KS,03,KS03,53.4,0
Ron Estes,R,1,1,64.0,1993808,1420188,KS,04,KS04,64.0,1
Laura Lombard,D,0,0,36.0,264459,258684,KS,04,KS04,64.0,0
James Comer,R,1,1,75.0,736116,502554,KY,01,KY01,75.0,1
Brett Guthrie,R,1,1,71.0,1412797,1566622,KY,02,KY02,71.0,1
Hank Linderman,D,0,0,26.3,93388,71122,KY,02,KY02,71.0,0
Robert Lee Perry,L,0,0,2.1,12798,7825,KY,02,KY02,71.0,0
John Yarmuth,D,1,1,62.7,658295,690226,KY,03,KY03,62.7,1
Rhonda Palazzo,R,0,0,37.3,46144,45668,KY,03,KY03,62.7,0
Thomas Massie,R,1,1,67.1,1457316,1563275,KY,04,KY04,67.1,1
Alexandra Owensby,D,0,0,32.9,156174,106359,KY,04,KY04,67.1,0
Hal Rogers,R,1,1,84.2,664168,835781,KY,05,KY05,84.2,1
Andy Barr,R,1,1,57.3,4536264,4316239,KY,06,KY06,57.3,1
Josh Hicks,D,0,0,41.0,2936320,2935615,KY,06,KY06,57.3,0
Steve Scalise,R,1,1,72.2,37262827,32830607,LA,01,LA01,72.2,1
Cedric Richmond,D,1,1,63.6,1628289,1302079,LA,02,LA02,63.6,1
Clay Higgins,R,1,1,67.8,751498,720424,LA,03,LA03,67.8,1
Robert Jon Anderson,D,0,0,11.6,63617,48015,LA,03,LA03,67.8,0
Braylon Harris,D,0,0,17.9,23006,15130,LA,03,LA03,67.8,0
Mike Johnson,R,1,1,60.4,1299787,1039393,LA,04,LA04,60.4,1
Kenny Houston,D,0,0,25.5,33677,33407,LA,04,LA04,60.4,0
Garret Graves,R,1,1,71.1,1743015,1200287,LA,06,LA06,71.1,1
Dartanyon Williams,D,0,0,25.6,111316,98114,LA,06,LA06,71.1,0
Chellie Pingree,D,1,1,61.5,487080,264790,ME,01,ME01,61.5,1
Jay Allen,R,0,0,38.5,79585,69853,ME,01,ME01,61.5,0
Jared Golden,D,1,1,52.9,5272142,5233990,ME,02,ME02,52.9,1
Dale Crafts,R,0,0,47.1,1199805,1196117,ME,02,ME02,52.9,0
Andy Harris,R,1,1,63.5,1468096,973953,MD,01,MD01,63.5,1
Mia Mason,D,0,0,36.3,2524,0,MD,01,MD01,63.5,0
Dutch Ruppersberger,D,1,1,67.2,1012835,927353,MD,02,MD02,67.2,1
Johnny Ray Salling,R,0,0,32.6,68320,66895,MD,02,MD02,67.2,0
John Sarbanes,D,1,1,69.5,573599,687299,MD,03,MD03,69.5,1
Charles Anthony,R,0,0,30.3,7798,6742,MD,03,MD03,69.5,0
Anthony Brown,D,1,1,79.3,1446636,846827,MD,04,MD04,79.3,1
Steny H Hoyer,D,1,1,68.5,4587189,4342255,MD,05,MD05,68.5,1
Chris Palombi,R,0,0,31.2,43462,42095,MD,05,MD05,68.5,0
David Trone,D,1,1,57.9,2944893,2959748,MD,06,MD06,57.9,1
Neil Parrott,R,0,0,40.2,315936,261259,MD,06,MD06,57.9,0
Kweisi Mfume,D,1,1,71.6,1014126,713389,MD,07,MD07,71.6,1
Kimberly Klacik,R,0,0,28.1,8296845,7499454,MD,07,MD07,71.6,0
Amber Ivey,I,0,0,0.0,41924,43394,MD,07,MD07,71.6,0
Jamie Raskin,D,1,1,67.3,2072652,1399252,MD,08,MD08,67.3,1
Gregory Coll,R,0,0,32.5,30876,27257,MD,08,MD08,67.3,0
Richard E Neal,D,1,1,96.5,4949384,5873122,MA,01,MA01,96.5,1
James P McGovern,D,1,1,65.3,1052549,1089412,MA,02,MA02,65.3,1
Tracy Lovvorn,R,0,0,34.6,26311,22319,MA,02,MA02,65.3,0
Lori Trahan,D,1,1,97.7,1449303,1232437,MA,03,MA03,97.7,1
Jake Auchincloss,D,0,1,60.8,2608686,2150904,MA,04,MA04,60.8,1
Julie Hall,R,0,0,38.9,131603,129378,MA,04,MA04,60.8,0
Katherine Clark,D,1,1,74.3,1788706,1514877,MA,05,MA05,74.3,1
Caroline Colarusso,R,0,0,25.6,148635,146972,MA,05,MA05,74.3,0
Seth Moulton,D,1,1,65.4,1289805,1802169,MA,06,MA06,65.4,1
John Paul Moran,R,0,0,34.4,300220,299104,MA,06,MA06,65.4,0
Ayanna Pressley,D,1,1,86.6,2163370,1748432,MA,07,MA07,86.6,1
Stephen Lynch,D,1,1,80.7,905614,1134662,MA,08,MA08,80.7,1
Bill Keating,D,1,1,61.3,708680,652448,MA,09,MA09,61.3,1
Helen Brady,R,0,0,36.3,28233,23735,MA,09,MA09,61.3,0
John Bergman,R,1,1,61.6,1868512,1733466,MI,01,MI01,61.6,1
Dana Ferguson,D,0,0,36.9,346213,339788,MI,01,MI01,61.6,0
Bill Huizenga,R,1,1,59.2,2175411,1883610,MI,02,MI02,59.2,1
Bryan Berghoef,D,0,0,38.2,751576,669864,MI,02,MI02,59.2,0
Jean-Michel Creviere,3,0,0,0.7,281,1207,MI,02,MI02,59.2,0
Hillary Scholten,D,0,0,47.0,3793132,3765942,MI,03,MI03,53.0,0
Peter Meijer,R,0,1,53.0,2975972,2887774,MI,03,MI03,53.0,1
John Moolenaar,R,1,1,65.0,1528612,1036160,MI,04,MI04,65.0,1
Jerry Hilliard,D,0,0,32.4,23117,23603,MI,04,MI04,65.0,0
Dan Kildee,D,1,1,54.5,1669951,1504094,MI,05,MI05,54.5,1
Tim Kelly,R,0,0,41.7,71106,71106,MI,05,MI05,54.5,0
Fred Upton,R,1,1,55.8,3616380,3464617,MI,06,MI06,55.8,1
Jon Hoadley,D,0,0,40.1,3116491,3098366,MI,06,MI06,55.8,0
Tim Walberg,R,1,1,58.8,2301635,1586358,MI,07,MI07,58.8,1
Gretchen Driskell,D,0,0,41.3,1712840,1712840,MI,07,MI07,58.8,0
Elissa Slotkin,D,1,1,50.9,8967420,7419974,MI,08,MI08,50.9,1
Paul Junge,R,0,0,47.3,2107608,2097131,MI,08,MI08,50.9,0
Andy Levin,D,1,1,57.8,1316607,907237,MI,09,MI09,57.8,1
Lisa McClain,R,0,1,66.3,2266287,2137031,MI,10,MI10,66.3,1
Kimberly Bizon,D,0,0,33.7,41438,41246,MI,10,MI10,66.3,0
Haley Stevens,D,1,1,50.2,5776924,5707448,MI,11,MI11,50.2,1
Eric Esshaki,R,0,0,47.8,1298612,1291509,MI,11,MI11,50.2,0
Debbie Dingell,D,1,1,66.4,1630498,1689582,MI,12,MI12,66.4,1
Jeff Jones,R,0,0,30.7,10616,9657,MI,12,MI12,66.4,0
Rashida Tlaib,D,1,1,77.9,4014411,3690334,MI,13,MI13,77.9,1
Donald Eason,I,0,0,0.0,34156,34156,MI,13,MI13,77.9,0
Brenda Lawrence,D,1,1,78.9,1084662,789570,MI,14,MI14,78.9,1
Vance Patrick,R,0,0,18.7,39670,41973,MI,14,MI14,78.9,0
Jim Hagedorn,R,1,1,48.6,2386033,2305994,MN,01,MN01,48.6,1
Daniel Feehan,D,0,0,45.5,4861651,4863835,MN,01,MN01,48.6,0
Angie Craig,D,1,1,48.2,5380101,4435492,MN,02,MN02,48.2,1
Tyler Kistner,R,0,0,45.9,2990054,2956042,MN,02,MN02,48.2,0
Dean Phillips,D,1,1,55.6,2328616,2152031,MN,03,MN03,55.6,1
Kendall Qualls,R,0,0,44.3,1863927,1751214,MN,03,MN03,55.6,0
Gary Heyer,I,0,0,0.0,827,827,MN,03,MN03,55.6,0
Betty McCollum,D,1,1,63.2,1171748,994072,MN,04,MN04,63.2,1
Gene Rechtzigel,R,0,0,29.0,20075,20075,MN,04,MN04,63.2,0
Ilhan Omar,D,1,1,64.3,5718517,5605576,MN,05,MN05,64.3,1
Lacy Johnson,R,0,0,25.8,12050564,12000896,MN,05,MN05,64.3,0
Chris Kelley,3,0,0,0.0,249583,249583,MN,05,MN05,64.3,0
Ervan Katari Miller,I,0,0,0.0,255,187,MN,05,MN05,64.3,0
Tom Emmer,R,1,1,65.5,2804265,2537612,MN,06,MN06,65.5,1
Tawnja Zahradka,D,0,0,34.3,49242,49214,MN,06,MN06,65.5,0
Collin Peterson,D,1,0,39.9,2714012,2867577,MN,07,MN07,53.4,0
Michelle Fischbach,R,0,1,53.4,2618450,2580501,MN,07,MN07,53.4,1
Pete Stauber,R,1,1,56.7,2593190,2608759,MN,08,MN08,56.7,1
Quinn Nystrom,D,0,0,37.6,1530606,1527005,MN,08,MN08,56.7,0
Trent Kelly,R,1,1,68.7,876882,826673,MS,01,MS01,68.7,1
Antonia Eliason,D,0,0,31.3,22281,18174,MS,01,MS01,68.7,0
Bennie G Thompson,D,1,1,66.0,1377392,1096904,MS,02,MS02,66.0,1
Michael Guest,R,1,1,64.7,766807,518162,MS,03,MS03,64.7,1
Steven Palazzo,R,1,1,100.0,817129,747217,MS,04,MS04,100.0,1
Cori Bush,D,0,1,78.8,1418014,1333512,MO,01,MO01,78.8,1
Ann Wagner,R,1,1,52.0,5598287,6513101,MO,02,MO02,52.0,1
Jill Schupp,D,0,0,45.4,4850948,4830434,MO,02,MO02,52.0,0
Blaine Luetkemeyer,R,1,1,69.4,2022905,2081391,MO,03,MO03,69.4,1
Vicky Hartzler,R,1,1,67.6,1700978,1335607,MO,04,MO04,67.6,1
Lindsey Simmons,D,0,0,29.7,395934,384622,MO,04,MO04,67.6,0
Emanuel Cleaver,D,1,1,58.5,1393847,928061,MO,05,MO05,58.5,1
Ryan Derks,R,0,0,38.7,76488,76488,MO,05,MO05,58.5,0
Sam Graves,R,1,1,67.1,1959516,1654756,MO,06,MO06,67.1,1
Gena Ross,D,0,0,30.8,10170,10530,MO,06,MO06,67.1,0
Billy Long,R,1,1,68.7,1320420,1518234,MO,07,MO07,68.7,1
Audrey Richards,I,0,0,0.0,7985,8113,MO,07,MO07,68.7,0
Jason Smith,R,1,1,76.9,1900227,1514786,MO,08,MO08,76.9,1
Kathryn Ellis,D,0,0,21.4,302428,305387,MO,08,MO08,76.9,0
Kathleen Williams,D,0,0,43.6,6201758,6232286,MT,01,MT01,56.4,0
Matt Rosendale,R,0,1,56.4,3674706,3488045,MT,01,MT01,56.4,1
Jeff Fortenberry,R,1,1,59.5,1472816,2458330,NE,01,NE01,59.5,1
Kate Bolz,D,0,0,37.7,1143509,1140371,NE,01,NE01,59.5,0
Don Bacon,R,1,1,50.6,3749272,3713961,NE,02,NE02,50.6,1
Kara Eastman,D,0,0,46.3,4414390,4468006,NE,02,NE02,50.6,0
Adrian Smith,R,1,1,78.5,1506473,1148409,NE,03,NE03,78.5,1
Mark Elworth Jr,D,0,0,17.7,255,0,NE,03,NE03,78.5,0
Dina Titus,D,1,1,61.8,706193,587919,NV,01,NV01,61.8,1
Mark Amodei,R,1,1,56.5,1048056,1016673,NV,02,NV02,56.5,1
Patricia Ackerman,D,0,0,40.7,449363,449449,NV,02,NV02,56.5,0
Susie Lee,D,1,1,48.8,4748019,4732009,NV,03,NV03,48.8,1
Dan Rodimer,R,0,0,45.8,2936059,2915216,NV,03,NV03,48.8,0
Steven Horsford,D,1,1,50.7,3492372,3024427,NV,04,NV04,50.7,1
Jim Marchant,R,0,0,45.8,1462772,1419405,NV,04,NV04,50.7,0
Jonathan Royce Esteban,L,0,0,2.4,2788,1603,NV,04,NV04,50.7,0
Chris Pappas,D,1,1,51.3,3205731,3105663,NH,01,NH01,51.3,1
Matt Mowers,R,0,0,46.2,1707214,1698761,NH,01,NH01,51.3,0
Ann Kuster,D,1,1,53.9,2960033,2970274,NH,02,NH02,53.9,1
Steve Negron,R,0,0,43.7,368177,378959,NH,02,NH02,53.9,0
Don Norcross,D,1,1,62.5,2221989,1087264,NJ,01,NJ01,62.5,1
Claire Gustafson,R,0,0,37.5,36520,21761,NJ,01,NJ01,62.5,0
Jeff Van Drew,R,1,1,51.9,4229171,4041493,NJ,02,NJ02,51.9,1
Amy Kennedy,D,0,0,46.2,4984376,4978913,NJ,02,NJ02,51.9,0
Andy Kim,D,1,1,53.2,7241283,6753262,NJ,03,NJ03,53.2,1
David Richter,R,0,0,45.5,1473669,1470648,NJ,03,NJ03,53.2,0
Chris Smith,R,1,1,59.9,1383085,1284522,NJ,04,NJ04,59.9,1
Stephanie Schmid,D,0,0,38.3,699580,658011,NJ,04,NJ04,59.9,0
Josh Gottheimer,D,1,1,53.2,7694027,3487964,NJ,05,NJ05,53.2,1
Frank Pallotta,R,0,0,45.6,1972033,1948705,NJ,05,NJ05,53.2,0
Louis A. Vellucci,I,0,0,1.2,5456,5342,NJ,05,NJ05,53.2,0
Frank Pallone Jr,D,1,1,61.2,3231755,2021737,NJ,06,NJ06,61.2,1
Tom Malinowski,D,1,1,50.6,7414403,7423758,NJ,07,NJ07,50.6,1
Tom Kean,R,0,0,49.4,3869121,3775442,NJ,07,NJ07,50.6,0
Albio Sires,D,1,1,74.0,605810,551325,NJ,08,NJ08,74.0,1
Bill Pascrell Jr,D,1,1,65.8,1560550,1795410,NJ,09,NJ09,65.8,1
Billy Prempeh,R,0,0,31.9,44269,35075,NJ,09,NJ09,65.8,0
Donald M Payne Jr,D,1,1,83.3,593735,457252,NJ,10,NJ10,83.3,1
Mikie Sherrill,D,1,1,53.3,6419707,3733106,NJ,11,NJ11,53.3,1
Rosemary Becchi,R,0,0,46.7,1687532,1686236,NJ,11,NJ11,53.3,0
Bonnie Watson Coleman,D,1,1,65.6,798439,840651,NJ,12,NJ12,65.6,1
Mark Razzoli,R,0,0,32.6,3065,1142,NJ,12,NJ12,65.6,0
Debra Haaland,D,1,1,58.1,2246734,1875766,NM,01,NM01,58.1,1
Michelle Garcia Holmes,R,0,0,41.9,257294,245590,NM,01,NM01,58.1,0
Xochitl Torres Small,D,1,0,46.3,8387337,8539065,NM,02,NM02,53.7,0
Yvette Herrell,R,0,1,53.7,2805711,2921785,NM,02,NM02,53.7,1
Steve Jones,I,0,0,0.0,9405,9505,NM,02,NM02,53.7,0
Teresa Leger Fernandez,D,0,1,58.7,2296594,2132010,NM,03,NM03,58.7,1
Alexis Johnson,R,0,0,41.3,147303,147303,NM,03,NM03,58.7,0
Lee Zeldin,R,1,1,55.9,8396981,8250116,NY,01,NY01,55.9,1
Nancy Goroff,D,0,0,44.1,7866239,7860977,NY,01,NY01,55.9,0
Jackie Gordon,D,0,0,46.0,4351881,4334484,NY,02,NY02,52.9,0
Andrew Garbarino,R,0,1,52.9,1743986,1612132,NY,02,NY02,52.9,1
Harry Burger,3,0,0,1.0,2430,594,NY,02,NY02,52.9,0
Tom Suozzi,D,1,1,53.2,2941006,2331302,NY,03,NY03,53.2,1
George Santos,R,0,0,46.2,658883,591239,NY,03,NY03,53.2,0
Joshua Sauberman,I,0,0,0.0,127,270,NY,03,NY03,53.2,0
Kathleen Rice,D,1,1,52.0,1106258,1210410,NY,04,NY04,52.0,1
Douglas Tuman,R,0,0,47.3,134937,130995,NY,04,NY04,52.0,0
Ed Dennehy,I,0,0,0.0,9031,9031,NY,04,NY04,52.0,0
Gregory Meeks,D,1,1,99.0,2097572,1467454,NY,05,NY05,99.0,1
Amit Lal,I,0,0,0.0,126,0,NY,05,NY05,99.0,0
Grace Meng,D,1,1,62.6,1292084,1872311,NY,06,NY06,62.6,1
Thomas Zmich,R,0,0,37.4,133403,131278,NY,06,NY06,62.6,0
Nydia Velazquez,D,1,1,83.0,803217,676248,NY,07,NY07,83.0,1
Hakeem Jeffries,D,1,1,82.5,4168717,3293077,NY,08,NY08,82.5,1
Yvette Clarke,D,1,1,81.5,1200067,1190143,NY,09,NY09,81.5,1
Jerrold Nadler,D,1,1,68.5,1848688,1950774,NY,10,NY10,68.5,1
Cathy Bernstein,R,0,0,30.1,49975,28384,NY,10,NY10,68.5,0
Jeanne Nigro,I,0,0,0.0,34548,28039,NY,10,NY10,68.5,0
Michael Madrid,L,0,0,1.2,14326,12149,NY,10,NY10,68.5,0
Max Rose,D,1,0,42.0,9284434,9499242,NY,11,NY11,57.8,0
Nicole Malliotakis,R,0,1,57.8,3469995,3447052,NY,11,NY11,57.8,1
Kemi Akindude,I,0,0,0.0,21261,14697,NY,11,NY11,57.8,0
Carolyn Maloney,D,1,1,78.9,3067173,3059202,NY,12,NY12,78.9,1
Adriano Espaillat,D,1,1,86.0,1087237,1252740,NY,13,NY13,86.0,1
Lovelynn Gwinn,R,0,0,8.0,39384,39384,NY,13,NY13,86.0,0
Alexandria OcasioCortez,D,1,1,68.7,20664795,16735422,NY,14,NY14,68.7,1
John C. Cummings,R,0,0,30.5,11140937,10947758,NY,14,NY14,68.7,0
Ritchie Torres,D,0,1,88.2,2194025,1804336,NY,15,NY15,88.2,1
Jamaal Bowman,D,0,1,82.9,2878898,2801424,NY,16,NY16,82.9,1
Mondaire Jones,D,0,1,54.1,2984052,2186463,NY,17,NY17,54.1,1
Maureen McArdle Schulman,R,0,0,39.8,54732,60084,NY,17,NY17,54.1,0
Michael Parietti,3,0,0,0.9,44787,19670,NY,17,NY17,54.1,0
Sean Patrick Maloney,D,1,1,51.8,2556294,1718525,NY,18,NY18,51.8,1
Chele Farley,R,0,0,47.3,1186211,1152124,NY,18,NY18,51.8,0
Scott Smith,I,0,0,0.9,8718,8403,NY,18,NY18,51.8,0
Antonio Delgado,D,1,1,51.5,5949475,2963286,NY,19,NY19,51.5,1
Kyle Van De Water,R,0,0,45.9,153796,120097,NY,19,NY19,51.5,0
Paul Tonko,D,1,1,56.5,1541984,1418994,NY,20,NY20,56.5,1
Elizabeth Joy,R,0,0,43.4,370852,336845,NY,20,NY20,56.5,0
Elise Stefanik,R,1,1,64.4,13287248,11655936,NY,21,NY21,64.4,1
Tedra Cobb,D,0,0,35.6,5586793,5593266,NY,21,NY21,64.4,0
Tom Reed,R,1,1,57.7,3275177,3145027,NY,23,NY23,57.7,1
Tracy Mitrano,D,0,0,41.4,1450322,1466128,NY,23,NY23,57.7,0
John Katko,R,1,1,53.1,3821107,3597234,NY,24,NY24,53.1,1
Dana Balter,D,0,0,43.0,3212469,3230808,NY,24,NY24,53.1,0
Joseph D Morelle,D,1,1,59.3,1375366,1274426,NY,25,NY25,59.3,1
George Mitris,R,0,0,39.1,301376,279047,NY,25,NY25,59.3,0
Kevin Wilson,L,0,0,1.5,5128,3417,NY,25,NY25,59.3,0
Brian Higgins,D,1,1,69.8,1124168,984106,NY,26,NY26,69.8,1
Chris Jacobs,R,1,1,59.7,2147101,2084271,NY,27,NY27,59.7,1
Nate McMurray,D,0,0,39.0,1150058,1097111,NY,27,NY27,59.7,0
Duane Whitmer,L,0,0,1.3,36056,36056,NY,27,NY27,59.7,0
G K Butterfield,D,1,1,54.2,1032869,880420,NC,01,NC01,54.2,1
Sandy Smith,R,0,0,45.8,1458375,1437805,NC,01,NC01,54.2,0
Deborah Ross,D,0,1,63.0,2268381,1816923,NC,02,NC02,63.0,1
Alan Swain,R,0,0,34.8,119664,119435,NC,02,NC02,63.0,0
Japheth Matemu,L,0,0,2.2,625,54,NC,02,NC02,63.0,0
Greg Murphy,R,1,1,63.4,1767790,1505559,NC,03,NC03,63.4,1
David Price,D,1,1,67.3,1161738,1014872,NC,04,NC04,67.3,1
Virginia Foxx,R,1,1,66.9,1858388,1944629,NC,05,NC05,66.9,1
David Wilson Brown,D,0,0,31.1,61596,60668,NC,05,NC05,66.9,0
Kathy Manning,D,0,1,62.3,2002284,1695596,NC,06,NC06,62.3,1
Lee Haywood,R,0,0,37.7,73878,58342,NC,06,NC06,62.3,0
Jennyfer Bucardo,I,0,0,0.0,750,759,NC,06,NC06,62.3,0
David Rouzer,R,1,1,60.3,1628458,1038883,NC,07,NC07,60.3,1
Christopher Ward,D,0,0,39.6,16260,4119,NC,07,NC07,60.3,0
Richard Hudson,R,1,1,53.3,4135872,4359009,NC,08,NC08,53.3,1
Patricia Timmons-Goodson,D,0,0,46.7,3855743,3852668,NC,08,NC08,53.3,0
Dan Bishop,R,1,1,55.6,4090260,4029864,NC,09,NC09,55.6,1
Cynthia Wallace,D,0,0,44.4,811609,794300,NC,09,NC09,55.6,0
Patrick McHenry,R,1,1,68.9,2780234,2339363,NC,10,NC10,68.9,1
David Parker,D,0,0,31.1,30555,30555,NC,10,NC10,68.9,0
Madison Cawthorn,R,0,1,54.5,4478970,4366783,NC,11,NC11,54.5,1
Moe Davis,D,0,0,42.3,2251413,2148121,NC,11,NC11,54.5,0
Alma Adams,D,1,1,100.0,824124,651883,NC,12,NC12,100.0,1
Bill Brewster,R,0,0,0.0,21950,16763,NC,12,NC12,100.0,0
Ted Budd,R,1,1,68.2,2294174,1293414,NC,13,NC13,68.2,1
Scott Huffman,D,0,0,31.8,193334,189967,NC,13,NC13,68.2,0
Kelly Armstrong,R,1,1,69.0,1269346,1080105,ND,01,ND01,69.0,1
Zach Raknerud,D,0,0,27.6,28047,26029,ND,01,ND01,69.0,0
Steve Chabot,R,1,1,51.8,3177647,2861464,OH,01,OH01,51.8,1
Kate Schroder,D,0,0,44.7,4040303,4039798,OH,01,OH01,51.8,0
Kevin Kahn,L,0,0,3.6,12085,8398,OH,01,OH01,51.8,0
Brad Wenstrup,R,1,1,61.1,1794354,1757078,OH,02,OH02,61.1,1
Jaime Castle,D,0,0,38.9,284197,271471,OH,02,OH02,61.1,0
Joyce Beatty,D,1,1,70.8,2237887,2540687,OH,03,OH03,70.8,1
Nicholas Moss,I,0,0,0.0,1258,1248,OH,03,OH03,70.8,0
Jim Jordan,R,1,1,67.9,18313823,12945651,OH,04,OH04,67.9,1
Chris Gibbs,I,0,0,0.0,65807,65807,OH,04,OH04,67.9,0
Bob Latta,R,1,1,68.0,1580952,1477090,OH,05,OH05,68.0,1
Nick Rubando,D,0,0,32.0,249319,247423,OH,05,OH05,68.0,0
Bill Johnson,R,1,1,74.4,1866123,1853361,OH,06,OH06,74.4,1
Shawna Roberts,D,0,0,25.6,262,574,OH,06,OH06,74.4,0
Bob Gibbs,R,1,1,67.5,791888,453928,OH,07,OH07,67.5,1
Quentin Potter,D,0,0,29.2,12976,12976,OH,07,OH07,67.5,0
Brandon Lape,L,0,0,3.3,3348,2713,OH,07,OH07,67.5,0
Warren Davidson,R,1,1,69.0,1016740,841533,OH,08,OH08,69.0,1
Vanessa Enoch,D,0,0,31.0,40270,37546,OH,08,OH08,69.0,0
Marcy Kaptur,D,1,1,63.1,1090395,979798,OH,09,OH09,63.1,1
Rob Weber,R,0,0,36.9,134898,123262,OH,09,OH09,63.1,0
Michael R Turner,R,1,1,58.4,1752255,1736283,OH,10,OH10,58.4,1
Desiree Tims,D,0,0,41.6,2040760,2024010,OH,10,OH10,58.4,0
Marcia Fudge,D,1,1,80.1,755787,499820,OH,11,OH11,80.1,1
Laverne Gore,R,0,0,20.0,157044,156827,OH,11,OH11,80.1,0
Troy Balderson,R,1,1,55.2,2016826,1995665,OH,12,OH12,55.2,1
Alaina Shearer,D,0,0,41.8,1033711,1025410,OH,12,OH12,55.2,0
John Stewart,L,0,0,3.0,75170,66382,OH,12,OH12,55.2,0
Tim Ryan,D,1,1,52.5,1972446,2071454,OH,13,OH13,52.5,1
Christina Hagan,R,0,0,44.9,861723,820660,OH,13,OH13,52.5,0
David P Joyce,R,1,1,60.1,2917696,2501449,OH,14,OH14,60.1,1
Hillary O'Connor Mueri,D,0,0,39.9,579877,574646,OH,14,OH14,60.1,0
Steve Stivers,R,1,1,63.4,3004799,2293101,OH,15,OH15,63.4,1
Joel Newby,D,0,0,36.6,55797,55797,OH,15,OH15,63.4,0
Anthony Gonzalez,R,1,1,63.2,2338195,1839807,OH,16,OH16,63.2,1
Aaron Godfrey,D,0,0,36.8,60294,60430,OH,16,OH16,63.2,0
Kevin Hern,R,1,1,63.7,1094104,830366,OK,01,OK01,63.7,1
Kojo Asamoa-Caesar,D,0,0,32.7,157355,173928,OK,01,OK01,63.7,0
Markwayne Mullin,R,1,1,75.0,1660206,1077939,OK,02,OK02,75.0,1
Danyell Lanier,D,0,0,22.0,41730,41722,OK,02,OK02,75.0,0
Frank D Lucas,R,1,1,78.5,872749,1036145,OK,03,OK03,78.5,1
Tom Cole,R,1,1,67.8,1812530,1753697,OK,04,OK04,67.8,1
Mary Brannon,D,0,0,28.8,2084,1599,OK,04,OK04,67.8,0
Kendra Horn,D,1,0,47.9,5949800,5946195,OK,05,OK05,52.1,0
Stephanie Bice,R,0,1,52.1,3720520,3508929,OK,05,OK05,52.1,1
Suzanne Bonamici,D,1,1,64.6,959223,864627,OR,01,OR01,64.6,1
Chris Christensen,R,0,0,35.2,144,672,OR,01,OR01,64.6,0
Cliff Bentz,R,0,1,60.0,1450780,1361727,OR,02,OR02,60.0,1
Alex Spenser,D,0,0,36.9,20640,5089,OR,02,OR02,60.0,0
Earl Blumenauer,D,1,1,73.0,1813365,1948453,OR,03,OR03,73.0,1
Joanna Harbour,R,0,0,23.5,17681,14502,OR,03,OR03,73.0,0
Peter DeFazio,D,1,1,51.6,5182843,5781074,OR,04,OR04,51.6,1
Alek Skarlatos,R,0,0,46.2,5454621,5331264,OR,04,OR04,51.6,0
Kurt Schrader,D,1,1,51.9,2018692,1922073,OR,05,OR05,51.9,1
Amy Ryan Courser,R,0,0,45.2,231624,221041,OR,05,OR05,51.9,0
Brian Fitzpatrick,R,1,1,58.7,4203825,4272135,PA,01,PA01,58.7,1
Christina Finello,D,0,0,41.3,2336814,2329748,PA,01,PA01,58.7,0
Brendan Boyle,D,1,1,65.1,1556650,756317,PA,02,PA02,65.1,1
Dwight Evans,D,1,1,87.5,942386,781265,PA,03,PA03,87.5,1
Madeleine Dean,D,1,1,56.0,1435995,1005928,PA,04,PA04,56.0,1
Kathy Barnette,R,0,0,44.0,1000389,884640,PA,04,PA04,56.0,0
Joe Tarshish,I,0,0,0.0,24038,23738,PA,04,PA04,56.0,0
Mary Gay Scanlon,D,1,1,60.3,1455042,1350276,PA,05,PA05,60.3,1
Dasha Pruett,R,0,0,39.7,105146,82437,PA,05,PA05,60.3,0
Chrissy Houlahan,D,1,1,54.7,3484484,1327283,PA,06,PA06,54.7,1
John Emmons,R,0,0,45.3,608859,601390,PA,06,PA06,54.7,0
John McHugh,I,0,0,0.0,6165,4410,PA,06,PA06,54.7,0
Susan Wild,D,1,1,51.7,4581056,4528267,PA,07,PA07,51.7,1
Matt Cartwright,D,1,1,51.7,3885136,4144070,PA,08,PA08,51.7,1
Jim Bognet,R,0,0,48.3,1519527,1386040,PA,08,PA08,51.7,0
Dan Meuser,R,1,1,68.2,1071961,944010,PA,09,PA09,68.2,1
Gary Wegman,D,0,0,31.8,188787,187348,PA,09,PA09,68.2,0
Scott Perry,R,1,0,53.4,3956481,3839197,PA,10,PA10,53.4,1
Eugene DePasquale,D,0,0,46.6,4534580,4526684,PA,10,PA10,53.4,0
Lloyd Smucker,R,1,1,69.2,1349318,662704,PA,11,PA11,69.2,1
Sarah Hammond,D,0,0,30.8,28733,23458,PA,11,PA11,69.2,0
Fred Keller,R,1,1,71.8,1541938,1066158,PA,12,PA12,71.8,1
Lee Griffin,D,0,0,28.2,45850,44571,PA,12,PA12,71.8,0
Liz Terwilliger,L,0,0,0.0,6211,5937,PA,12,PA12,71.8,0
John Joyce,R,1,1,79.0,1119769,461229,PA,13,PA13,79.0,1
Todd Rowley,D,0,0,21.0,60348,67527,PA,13,PA13,79.0,0
Guy Reschenthaler,R,1,1,67.8,2250282,1580488,PA,14,PA14,67.8,1
Bill Marx,D,0,0,32.2,60403,45959,PA,14,PA14,67.8,0
Glenn Thompson,R,1,1,76.3,1700061,1839073,PA,15,PA15,76.3,1
Mike Kelly,R,1,1,67.2,2239488,1319340,PA,16,PA16,67.2,1
Kristy Gnibus,D,0,0,32.8,584205,579453,PA,16,PA16,67.2,0
Conor Lamb,D,1,1,51.1,4063114,3448850,PA,17,PA17,51.1,1
Sean Parnell,R,0,0,48.9,3935774,3732399,PA,17,PA17,51.1,0
Mike Doyle,D,1,1,64.6,1008711,999692,PA,18,PA18,64.6,1
Luke Negron,R,0,0,35.4,57714,51666,PA,18,PA18,64.6,0
David Cicilline,D,1,1,70.8,1574854,1743173,RI,01,RI01,70.8,1
Jim Langevin,D,1,1,58.2,1102312,1422339,RI,02,RI02,58.2,1
Bob Lancia,R,0,0,41.5,55549,47877,RI,02,RI02,58.2,0
Joe Cunningham,D,1,0,49.3,6941746,6993962,SC,01,SC01,50.6,0
Nancy Mace,R,0,1,50.6,5766726,5707239,SC,01,SC01,50.6,1
Joe Wilson,R,1,1,55.7,1648065,1723956,SC,02,SC02,55.7,1
Adair Boroughs,D,0,0,42.6,2510526,2507664,SC,02,SC02,55.7,0
Jeff Duncan,R,1,1,71.2,1509647,1271872,SC,03,SC03,71.2,1
Hosea Cleveland,D,0,0,28.7,43214,45107,SC,03,SC03,71.2,0
William Timmons,R,1,1,61.6,977784,982233,SC,04,SC04,61.6,1
Kim Nelson,D,0,0,36.9,167825,167508,SC,04,SC04,61.6,0
Ralph Norman,R,1,1,60.1,991246,859747,SC,05,SC05,60.1,1
Moe Brown,D,0,0,39.9,480648,477295,SC,05,SC05,60.1,0
James E Clyburn,D,1,1,68.2,3406945,2332128,SC,06,SC06,68.2,1
Tom Rice,R,1,1,61.8,1405738,1242208,SC,07,SC07,61.8,1
Melissa Watson,D,0,0,38.1,147623,147623,SC,07,SC07,61.8,0
Larry Guy Hammond,L,0,0,0.0,199,199,SC,07,SC07,61.8,0
Dusty Johnson,R,1,1,81.8,1693504,699356,SD,01,SD01,81.8,1
Diana Harshbarger,R,0,1,74.8,2126946,1869100,TN,01,TN01,74.8,1
Blair Nicole Walsingham,D,0,0,22.4,140209,134995,TN,01,TN01,74.8,0
Tim Burchett,R,1,1,67.7,1336276,878488,TN,02,TN02,67.7,1
Renee Hoyos,D,0,0,31.0,812784,816793,TN,02,TN02,67.7,0
Chuck Fleischmann,R,1,1,67.3,1051653,381411,TN,03,TN03,67.3,1
Meg Gorman,D,0,0,30.5,85843,77760,TN,03,TN03,67.3,0
Scott Desjarlais,R,1,1,66.7,331464,392499,TN,04,TN04,66.7,1
Christopher Hale,D,0,0,33.3,308731,302996,TN,04,TN04,66.7,0
Jim Cooper,D,1,1,100.0,936569,1332131,TN,05,TN05,100.0,1
John Rose,R,1,1,73.7,1050429,625688,TN,06,TN06,73.7,1
Mark Green,R,1,1,69.9,1194960,935487,TN,07,TN07,69.9,1
Kiran Sreepada,D,0,0,27.3,206644,207191,TN,07,TN07,69.9,0
Ronald Brown,I,0,0,2.2,1750,0,TN,07,TN07,69.9,0
Scott Vieira Jr,I,0,0,0.6,655,1049,TN,07,TN07,69.9,0
David Kustoff,R,1,1,68.5,1641217,999285,TN,08,TN08,68.5,1
Erika Stotts Pearson,D,0,0,29.5,19070,15883,TN,08,TN08,68.5,0
Steve Cohen,D,1,1,77.4,607570,457311,TN,09,TN09,77.4,1
Charlotte Bergmann,R,0,0,20.1,99147,100532,TN,09,TN09,77.4,0
Dennis Clark,I,0,0,1.6,9991,9919,TN,09,TN09,77.4,0
Louie Gohmert,R,1,1,72.6,552915,580441,TX,01,TX01,72.6,1
Hank Gilbert,D,0,0,27.4,968155,734411,TX,01,TX01,72.6,0
Dan Crenshaw,R,1,1,55.6,19427865,17596329,TX,02,TX02,55.6,1
Sima Ladjevardian,D,0,0,42.8,3832697,3825287,TX,02,TX02,55.6,0
Elliott Scheirman,L,0,0,1.6,15374,14296,TX,02,TX02,55.6,0
Van Taylor,R,1,1,55.1,2655327,2825378,TX,03,TX03,55.1,1
Helane Seikaly,D,0,0,42.9,1635185,1634843,TX,03,TX03,55.1,0
Patrick Fallon,R,0,1,75.1,257174,95065,TX,04,TX04,75.1,1
Tracy Shawn Jones,I,0,0,0.4,13002,10595,TX,04,TX04,75.1,0
Lance Gooden,R,1,1,62.0,1610327,1311983,TX,05,TX05,62.0,1
Carolyn Salter,D,0,0,35.9,317848,289112,TX,05,TX05,62.0,0
Kevin Hale,L,0,0,2.1,18405,6508,TX,05,TX05,62.0,0
Ron Wright,R,1,1,52.8,912134,907693,TX,06,TX06,52.8,1
Stephen Daniel,D,0,0,44.0,680402,677568,TX,06,TX06,52.8,0
Lizzie Fletcher,D,1,1,50.8,6265165,6246136,TX,07,TX07,50.8,1
Wesley Hunt,R,0,0,47.5,7524064,7300122,TX,07,TX07,50.8,0
Kevin Brady,R,1,1,72.5,3570477,3190447,TX,08,TX08,72.5,1
Elizabeth Hernandez,D,0,0,25.5,17227,14981,TX,08,TX08,72.5,0
Al Green,D,1,1,75.5,460332,486155,TX,09,TX09,75.5,1
Johnny Teague,R,0,0,21.6,89965,88366,TX,09,TX09,75.5,0
Michael McCaul,R,1,1,52.5,3856477,3910930,TX,10,TX10,52.5,1
Mike Siegel,D,0,0,45.4,2873926,2829765,TX,10,TX10,52.5,0
August Pfluger,R,0,1,79.7,2578540,1984134,TX,11,TX11,79.7,1
Jon Mark Hogg,D,0,0,18.3,137730,135141,TX,11,TX11,79.7,0
Kay Granger,R,1,1,63.7,3161288,3271815,TX,12,TX12,63.7,1
Lisa Welch,D,0,0,33.0,98465,98475,TX,12,TX12,63.7,0
Trey Holcomb,L,0,0,3.3,967,457,TX,12,TX12,63.7,0
Ronny Jackson,R,0,1,79.4,2128271,1741132,TX,13,TX13,79.4,1
Gus Trujillo,D,0,0,18.5,22826,18820,TX,13,TX13,79.4,0
Randy Weber,R,1,1,61.6,936202,924659,TX,14,TX14,61.6,1
Adrienne Bell,D,0,0,38.4,244754,240934,TX,14,TX14,61.6,0
Cyrus Sajna,I,0,0,0.0,35096,34942,TX,14,TX14,61.6,0
Michael David Sanchez,I,0,0,0.0,100,12,TX,14,TX14,61.6,0
Vicente Gonzalez,D,1,1,50.5,1008381,657500,TX,15,TX15,50.5,1
Monica De La Cruz,R,0,0,47.6,344893,338832,TX,15,TX15,50.5,0
Veronica Escobar,D,1,1,64.7,1135549,1087693,TX,16,TX16,64.7,1
Irene Armendariz-Jackson,R,0,0,35.3,168997,153671,TX,16,TX16,64.7,0
Pete Sessions,R,0,1,55.9,1447958,1658637,TX,17,TX17,55.9,1
Rick Kennedy,D,0,0,40.9,200668,202096,TX,17,TX17,55.9,0
Ted Brown,L,0,0,3.2,3041,3041,TX,17,TX17,55.9,0
Sheila Jackson Lee,D,1,1,73.3,924480,838414,TX,18,TX18,73.3,1
Wendell Champion,R,0,0,23.5,305645,271278,TX,18,TX18,73.3,0
Jodey Arrington,R,1,1,74.8,2497184,1932700,TX,19,TX19,74.8,1
Tom Watson,D,0,0,22.9,49405,60806,TX,19,TX19,74.8,0
Joaquin Castro,D,1,1,64.7,674061,686934,TX,20,TX20,64.7,1
Mauro Garza,R,0,0,33.1,263293,240930,TX,20,TX20,64.7,0
Chip Roy,R,1,1,52.0,5005639,4679362,TX,21,TX21,52.0,1
Wendy Davis,D,0,0,45.4,10263486,10201874,TX,21,TX21,52.0,0
Michael Felts,I,0,0,0.0,3570,1851,TX,21,TX21,52.0,0
Sri Kulkarni,D,0,0,44.6,5639061,5630098,TX,22,TX22,51.5,0
Troy Nehls,R,0,1,51.5,1806655,1787448,TX,22,TX22,51.5,1
Gina Ortiz Jones,D,0,0,46.6,6755222,6842440,TX,23,TX23,50.5,0
Tony Gonzales,R,0,1,50.5,2797133,2764108,TX,23,TX23,50.5,1
Candace Valenzuela,D,0,0,47.5,4886999,4875031,TX,24,TX24,48.8,0
Beth Van Duyne,R,0,1,48.8,3410852,3342442,TX,24,TX24,48.8,1
Stephen Kuzmich,I,0,0,1.2,175504,201332,TX,24,TX24,48.8,0
Mark Bauer,I,0,0,0.9,26342,26542,TX,24,TX24,48.8,0
Darren Hamilton,L,0,0,1.6,570,212,TX,24,TX24,48.8,0
Roger Williams,R,1,1,55.9,2435121,3347267,TX,25,TX25,55.9,1
Julie Oliver,D,0,0,42.1,2190347,2176319,TX,25,TX25,55.9,0
Michael Burgess,R,1,1,60.6,1806588,2081391,TX,26,TX26,60.6,1
Carol Iannuzzi,D,0,0,37.3,95937,95937,TX,26,TX26,60.6,0
Michael Cloud,R,1,1,63.1,1014427,829748,TX,27,TX27,63.1,1
Ricardo De La Fuente,D,0,0,34.9,312096,312096,TX,27,TX27,63.1,0
Henry Cuellar,D,1,1,58.3,2655317,3650848,TX,28,TX28,58.3,1
Sandra Whitten,R,0,0,39.0,24760,27354,TX,28,TX28,58.3,0
Sylvia Garcia,D,1,1,71.1,818984,758382,TX,29,TX29,71.1,1
Jaimy Blanco,R,0,0,27.4,4378,0,TX,29,TX29,71.1,0
Eddie Bernice Johnson,D,1,1,77.5,589096,494547,TX,30,TX30,77.5,1
Tre Pennie,R,0,0,18.4,311109,305446,TX,30,TX30,77.5,0
John Carter,R,1,1,53.4,2160187,2214487,TX,31,TX31,53.4,1
Donna Imam,D,0,0,44.3,1035222,1035272,TX,31,TX31,53.4,0
Colin Allred,D,1,1,52.0,5667725,5611747,TX,32,TX32,52.0,1
Genevieve Collins,R,0,0,45.9,5923081,5915256,TX,32,TX32,52.0,0
Jason Sigmon,I,0,0,0.7,11791,11651,TX,32,TX32,52.0,0
Marc Veasey,D,1,1,66.8,1621929,1613446,TX,33,TX33,66.8,1
Fabian Cordova Vasquez,R,0,0,25.2,36692,25585,TX,33,TX33,66.8,0
Filemon Vela,D,1,1,55.4,983026,1024180,TX,34,TX34,55.4,1
Rey Gonzalez,R,0,0,41.8,37118,37446,TX,34,TX34,55.4,0
Lloyd Doggett,D,1,1,65.4,1336576,424804,TX,35,TX35,65.4,1
Jennifer Sharon,R,0,0,30.0,19011,14442,TX,35,TX35,65.4,0
Jason Mata,I,0,0,1.9,2632,2632,TX,35,TX35,65.4,0
Brian Babin,R,1,1,73.6,1345351,1297185,TX,36,TX36,73.6,1
Brandon Rashad Lewis,D,0,0,24.3,21714,12278,TX,36,TX36,73.6,0
Blake Moore,R,0,1,69.6,844377,816015,UT,01,UT01,69.6,1
Darren Parry,D,0,0,30.5,41218,40904,UT,01,UT01,69.6,0
Chris Stewart,R,1,1,59.0,835139,812462,UT,02,UT02,59.0,1
John Kael Weston,D,0,0,36.6,344774,306872,UT,02,UT02,59.0,0
Joe Jarvis,3,0,0,0.0,22989,22989,UT,02,UT02,59.0,0
John Curtis,R,1,1,68.8,874311,687265,UT,03,UT03,68.8,1
Devin Thorpe,D,0,0,26.8,191412,190200,UT,03,UT03,68.8,0
Thomas G. McNeill,3,0,0,2.0,5516,5516,UT,03,UT03,68.8,0
Russel Fugal,I,0,0,0.0,393,346,UT,03,UT03,68.8,0
Ben McAdams,D,1,0,46.7,5613542,5555591,UT,04,UT04,47.7,0
Burgess Owens,R,0,1,47.7,5129475,5049146,UT,04,UT04,47.7,1
Jonia Broderick,3,0,0,2.1,21394,21265,UT,04,UT04,47.7,0
Peter Welch,D,1,1,64.4,847320,865252,VT,01,VT01,64.4,1
Rob Wittman,R,1,1,58.5,1969785,2140375,VA,01,VA01,58.5,1
Qasim Rashid,D,0,0,41.7,1559108,1559108,VA,01,VA01,58.5,0
Elaine Luria,D,1,1,51.6,6522276,6387474,VA,02,VA02,51.6,1
Scott Taylor,R,0,0,45.8,2452292,2446410,VA,02,VA02,51.6,0
Bobby Scott,D,1,1,68.4,873126,832419,VA,03,VA03,68.4,1
John Collick,R,0,0,31.4,167146,165080,VA,03,VA03,68.4,0
Donald McEachin,D,1,1,61.6,961412,963788,VA,04,VA04,61.6,1
Leon Benjamin,R,0,0,38.2,545354,523429,VA,04,VA04,61.6,0
Cameron Webb,D,0,0,47.3,5755917,5750924,VA,05,VA05,52.4,0
Bob Good,R,0,1,52.4,1373867,1323530,VA,05,VA05,52.4,1
Ben Cline,R,1,1,64.6,892955,672928,VA,06,VA06,64.6,1
Nicholas Betts,D,0,0,35.3,56190,54205,VA,06,VA06,64.6,0
Abigail Spanberger,D,1,1,50.8,8387680,7852213,VA,07,VA07,50.8,1
Nick Freitas,R,0,0,49.0,3629431,3600108,VA,07,VA07,50.8,0
Don Beyer,D,1,1,75.8,1729482,2071906,VA,08,VA08,75.8,1
Jeff Jordan,R,0,0,24.0,96035,96035,VA,08,VA08,75.8,0
Heerak Christian Kim,I,0,0,0.0,2036,1921,VA,08,VA08,75.8,0
Morgan Griffith,R,1,1,94.0,873612,463916,VA,09,VA09,94.0,1
Jennifer Wexton,D,1,1,56.5,3855331,1772250,VA,10,VA10,56.5,1
Aliscia Andrews,R,0,0,43.4,1567598,1413145,VA,10,VA10,56.5,0
Gerry Connolly,D,1,1,71.4,1998592,1811776,VA,11,VA11,71.4,1
Manga Anantatmula,R,0,0,28.3,282152,268326,VA,11,VA11,71.4,0
Stevan Porter,L,0,0,0.0,533,1316,VA,11,VA11,71.4,0
Suzan DelBene,D,1,1,58.6,2182985,1897162,WA,01,WA01,58.6,1
Jeffrey Beeler,R,0,0,41.3,61970,62279,WA,01,WA01,58.6,0
Rick Larsen,D,1,1,63.2,1275127,1219489,WA,02,WA02,63.2,1
Tim Hazelo,R,0,0,36.6,49478,49322,WA,02,WA02,63.2,0
Jaime Herrera Beutler,R,1,1,56.4,4566383,4540148,WA,03,WA03,56.4,1
Carolyn Long,D,0,0,43.4,4130540,4142685,WA,03,WA03,56.4,0
Dan Newhouse,R,1,1,66.3,1173464,991174,WA,04,WA04,66.3,1
Doug McKinley,D,0,0,33.5,57666,54227,WA,04,WA04,66.3,0
Cathy McMorris Rodgers,R,1,1,60.9,4349448,3432572,WA,05,WA05,60.9,1
Dave Wilson,D,0,0,38.9,109636,109636,WA,05,WA05,60.9,0
Derek Kilmer,D,1,1,59.4,2524026,2531111,WA,06,WA06,59.4,1
Elizabeth Kreiselmaier,R,0,0,40.4,156123,145108,WA,06,WA06,59.4,0
Pramila Jayapal,D,1,1,83.0,2630000,1530626,WA,07,WA07,83.0,1
Craig Keller,R,0,0,16.7,2904,3703,WA,07,WA07,83.0,0
Kim Schrier,D,1,1,51.7,5422491,3774398,WA,08,WA08,51.7,1
Jesse Jensen,R,0,0,48.1,852396,842269,WA,08,WA08,51.7,0
Adam Smith,D,1,1,74.2,1324761,930710,WA,09,WA09,74.2,1
Doug Basler,R,0,0,25.7,22536,18328,WA,09,WA09,74.2,0
Marilyn Strickland,D,0,1,49.6,1812659,1780633,WA,10,WA10,49.6,1
Beth Doglio,D,0,0,35.7,1477678,1477678,WA,10,WA10,49.6,0
David McKinley,R,1,1,69.0,1092609,1085864,WV,01,WV01,69.0,1
Natalie Ms. Cline,D,0,0,31.0,81032,81881,WV,01,WV01,69.0,0
Alex Mooney,R,1,1,63.1,2155978,864001,WV,02,WV02,63.1,1
Catherine Kunkel,D,0,0,36.9,641567,641567,WV,02,WV02,63.1,0
Carol Miller,R,1,1,71.3,869210,720796,WV,03,WV03,71.3,1
Hilary Turner,D,0,0,28.7,99214,98769,WV,03,WV03,71.3,0
Belinda Fox-Spencer,I,0,0,0.0,5207,5207,WV,03,WV03,71.3,0
Bryan Steil,R,1,1,59.4,3500849,3151701,WI,01,WI01,59.4,1
Roger Polack,D,0,0,40.7,536228,526431,WI,01,WI01,59.4,0
Mark Pocan,D,1,1,69.7,1290582,1014628,WI,02,WI02,69.7,1
Peter Theron,R,0,0,30.3,35753,33977,WI,02,WI02,69.7,0
Ron Kind,D,1,1,51.4,2989262,4435403,WI,03,WI03,51.4,1
Derrick Van Orden,R,0,0,48.6,1962443,1948639,WI,03,WI03,51.4,0
Gwen Moore,D,1,1,74.7,1183995,1166739,WI,04,WI04,74.7,1
Scott Fitzgerald,R,0,1,60.2,1155721,968406,WI,05,WI05,60.2,1
Tom Palzewicz,D,0,0,39.9,370392,371799,WI,05,WI05,60.2,0
Glenn Grothman,R,1,1,59.3,1815756,1736659,WI,06,WI06,59.3,1
Jessica King,D,0,0,40.7,287753,245788,WI,06,WI06,59.3,0
Tom Tiffany,R,1,1,60.8,2637459,2514740,WI,07,WI07,60.8,1
Tricia Zunker,D,0,0,39.2,1261957,1232690,WI,07,WI07,60.8,0
Mike Gallagher,R,1,1,64.0,3202905,2841801,WI,08,WI08,64.0,1
Amanda Stuck,D,0,0,36.0,416978,399916,WI,08,WI08,64.0,0
Liz Cheney,R,1,1,68.6,3003883,3060167,WY,01,WY01,68.6,1
Lynnette Grey Bull,D,0,0,24.6,134597,132235,WY,01,WY01,68.6,0
